category,<1d,1-7d,7-30d,1-3m,3-6m,6-12m,1-2y,>2y,total
Commodities,874300027.12,54905190.12,1929480.24,656588.14,10396.25,1233056.84,0.0,0.0,933034738.71
Elections,22498.61,1765029.26,22806338.24,40033336.7,19641260.99,100189875.94,147681891.55,510676378.02,842816609.3099998
Economics,29814474.73,10996515.55,3269098.41,9504444.61,11946915.93,191884528.96,60550418.79,1772064.0,319738460.98
Climate and Weather,38900824.29,175717370.63,891417.35,3398661.38,239303.59000000003,1452930.15,452253.47,400204.44,221452965.29999998
Politics,454562.83,9076424.07,7439946.4,16274094.19,44846841.05,37245388.29,52974394.49,26181819.76,194493471.08
Financials,84446603.37,24638689.41,7917519.88,11107432.03,1425811.13,17801133.85,16142479.73,653907.9,164133577.3
Mentions,33896943.7,63706967.14,40964873.44,8478358.59,402875.09,90827.35,0.0,0.0,147540845.31
Entertainment,410562.58,35825766.0,25088347.89,23356814.63,14630400.72,20743813.88,20961957.14,3363671.82,144381334.66
Science and Technology,10033.0,7840849.95,2493164.45,11006831.58,6184998.21,16883600.7,33337613.860000003,3120050.4699999997,80877142.22000001
Companies,0.0,0.0,0.0,136875.13,964061.5199999999,6007754.9,8307058.79,422295.24,15838045.58
Health,0.0,0.0,0.0,0.0,0.0,771719.34,0.0,163798.41999999998,935517.76
World,0.0,0.0,0.0,674.08,0.0,23785.85,425104.12,141747.69,591311.74
Social,0.0,0.0,0.0,0.0,0.0,17541.42,25791.42,81608.13,124940.97
AI,13841.619999999999,0.0,28509.03,0.0,41344.44,0.0,9370.87,0.0,93065.95999999999
Transportation,0.0,0.0,0.0,0.0,0.0,0.0,0.0,5707.84,5707.84
Business,0.0,0.0,0.0,0.0,0.0,0.0,0.0,13.66,13.66
