group,k,markets,yes_rate,mean_p,brier,brier_base_rate,skill_vs_base,auc
Econ/Fin,1,174.0,0.41954022988505746,0.4416752873563218,0.09698308189655172,0.24352622539305058,0.6017550810389258,0.9439848094398481
Econ/Fin,7,174.0,0.41954022988505746,0.43725,0.11613312787356321,0.24352622539305058,0.523118597653601,0.9194357791943578
Econ/Fin,30,174.0,0.41954022988505746,0.4630747126436781,0.15692381896551724,0.24352622539305058,0.3556183991590939,0.8493828834938288
Econ/Fin,90,174.0,0.41954022988505746,0.5009425287356322,0.2094418390804598,0.24352622539305058,0.13996187169401852,0.7653600976536009
Other,1,196.0,0.46938775510204084,0.4540051020408164,0.03194732142857143,0.24906289046230728,0.8717299017558529,0.9940948996655519
Other,7,196.0,0.46938775510204084,0.4384438775510203,0.053355739795918365,0.24906289046230728,0.7857740280100334,0.9798808528428095
Other,30,196.0,0.46938775510204084,0.39994897959183673,0.1066938775510204,0.24906289046230728,0.5716187290969899,0.9459657190635451
Other,90,196.0,0.46938775510204084,0.4144642857142856,0.1283968112244898,0.24906289046230728,0.4844803616220734,0.9145589464882943
Politics,1,381.0,0.34908136482939633,0.34871653543307085,0.03995300262467191,0.22722356555824222,0.8241687541232112,0.987084647101625
Politics,7,381.0,0.34908136482939633,0.3438937007874016,0.06792297703412073,0.22722356555824222,0.701074239957252,0.9658773951006548
Politics,30,381.0,0.34908136482939633,0.3413845144356955,0.08028651771653543,0.22722356555824222,0.6466628911517706,0.9577977201067184
Politics,90,381.0,0.34908136482939633,0.33343175853018375,0.13542598097112862,0.22722356555824222,0.40399676134641027,0.8686939121998545
Sports,1,394.0,0.36548223350253806,0.3739593908629441,0.050885379441624363,0.2319049704965343,0.7805765899166667,0.984638888888889
Sports,7,394.0,0.36548223350253806,0.35065609137055836,0.07988858819796954,0.2319049704965343,0.6555115311805555,0.9602499999999999
Sports,30,394.0,0.36548223350253806,0.3508819796954315,0.10046846637055837,0.2319049704965343,0.5667688098472222,0.936375
Sports,90,394.0,0.36548223350253806,0.34324365482233504,0.13990617766497462,0.2319049704965343,0.3967090167777777,0.8731944444444446
Tech/AI/Co,1,40.0,0.5,0.4835374999999999,0.03692364375,0.25,0.852305425,0.99
Tech/AI/Co,7,40.0,0.5,0.43565,0.0873209375,0.25,0.65071625,0.95875
Tech/AI/Co,30,40.0,0.5,0.4343,0.1222812625,0.25,0.51087495,0.9149999999999999
Tech/AI/Co,90,40.0,0.5,0.44971250000000007,0.14864661875000001,0.25,0.40541352499999994,0.9012499999999999
