week,markets,two_sided,spread,traded,ld_active,other_active
-6,1070,0.9636931593828374,0.04000000000000001,0.49800084175084175,0.0,0.06392045454545454
-5,1045,0.9639112042578407,0.039999999999999994,0.5221784552149341,0.0,0.06593594793629046
-4,1149,0.9688447657717237,0.04000000000000001,0.5358663093173577,0.0,0.06542645435913605
-3,1199,0.9723949093011846,0.04699999999999993,0.5216865649085688,0.0,0.05652108206135711
-2,1293,0.9733486900774065,0.04999999999999999,0.5105875753751227,0.0,0.05693451128873931
-1,1364,0.972092154901847,0.05,0.5507428859229413,0.0,0.04784688995215311
0,1439,0.980657801354942,0.010000000000000009,0.6211810539265942,0.8848677465655116,0.0013327865491080582
1,1399,0.9719587078022228,0.02499999999999991,0.5870841487279843,0.14750489236790607,0.015288649706457925
2,1383,0.9680000429384235,0.03,0.5612169181301014,0.0729656195894138,0.04959188721246599
3,1364,0.9613640079234721,0.030000000000000027,0.5443614732312365,0.05163903303379319,0.044804455132261736
4,1313,0.9529252860637336,0.035,0.5501183898973955,0.03406998158379374,0.03591160220994475
5,1333,0.9466231272568049,0.035,0.5549895506792059,0.04584639498432602,0.049764890282131664
6,1324,0.9368262168388497,0.030000000000000027,0.5657006748709805,0.03374354902739182,0.07622072250893211
7,1317,0.9491678079473693,0.030000000000000027,0.5536457633946555,0.02591647643346314,0.09050624412515107
8,1199,0.9527717858438289,0.030000000000000002,0.5463030479801663,0.00364590928977687,0.08021000437509115
9,1169,0.9512866151581821,0.030000000000000002,0.5285796766743649,0.02020785219399538,0.06264434180138569
10,1155,0.9535943516781643,0.030000000000000027,0.5131161718074373,0.024646872297492073,0.06673392908619198
11,1034,0.9483516081085679,0.030000000000000013,0.5323660714285714,0.0,0.06170280612244898
12,1016,0.9435911942089231,0.03,0.537942955920484,0.0,0.03837510803802938
13,824,0.9370052893227567,0.027999999999999997,0.5657108721624851,0.0,0.03544404619673437
14,807,0.9372906709080179,0.025,0.5753706754530478,0.0,0.03871499176276771
