k,bucket,markets,events,mean_price,yes_rate,return_to_resolution,ci_lo,ci_hi,annualized
1,favourite p>=0.80,1845,841,0.9582523035230353,0.9723577235772358,0.0041195693850349996,-0.007887996160238825,0.01704265259319531,3.484173174040661
1,longshot p<=0.20,4039,1041,0.038308368408021785,0.030453082446150036,0.0031809612344879876,-0.006345338321503638,0.012287669935344706,2.187408258528821
1,middle,1334,448,0.45888905547226394,0.4707646176911544,,,,
7,favourite p>=0.80,1677,751,0.943087358378056,0.9600477042337507,0.008119795155609849,-0.009151460179981597,0.023729084689072394,0.524520066592097
7,longshot p<=0.20,3915,1066,0.05210344827586207,0.044444444444444446,0.006089652472442529,-0.005615417084428688,0.01850821545382616,0.37241087601890954
7,middle,1995,672,0.4663661654135338,0.4741854636591479,,,,
30,favourite p>=0.80,1492,632,0.9254812332439678,0.9423592493297587,0.0008019520800389294,-0.024192379241141402,0.02081534175819257,0.00980089057477973
30,longshot p<=0.20,3569,978,0.067938217988232,0.056318296441580276,0.011741858716529732,-0.004300352493703081,0.025742417976467667,0.15260785199845817
30,middle,3208,908,0.4731511845386534,0.4504364089775561,,,,
90,favourite p>=0.80,544,238,0.931328125,0.9485294117647058,0.023092642168605942,-0.012319318586685418,0.05338168478834919,0.09701022746490495
90,longshot p<=0.20,1267,349,0.06433701657458565,0.0473559589581689,-0.0006751784143529626,-0.030352541724832094,0.023683548415437763,-0.002735400336348226
90,middle,836,370,0.4828815789473684,0.4748803827751196,,,,
180,favourite p>=0.80,101,72,0.8854455445544552,0.9603960396039604,0.07322825465497745,0.007847570605171899,0.12398851229077497,0.15408222922629244
180,longshot p<=0.20,642,162,0.06728193146417447,0.04205607476635514,0.02439997895177348,-0.010119188447969602,0.06014946720108288,0.05009826972424758
180,middle,361,163,0.4831163434903047,0.5041551246537396,,,,
365,longshot p<=0.20,81,42,0.09419753086419753,0.08641975308641975,-0.00880493939577075,-0.0959182103593528,0.07047249929963822,-0.008804939395770761
365,middle,78,45,0.46820512820512833,0.38461538461538464,,,,
