reward,coef,se,t,outcome,n,mean_y,clusters,pct_of_mean
rw_long_dated,0.22900633380022062,0.019892546168080803,11.51216801837463,traded,229286,0.35818148513210574,432,0.6393583792187296
rw_liquidity,0.26217368687820597,0.022798087558578203,11.499810508428293,traded,229286,0.35818148513210574,432,0.7319576744216976
rw_long_dated,1.638032666061997,0.12325833388618233,13.28942728995971,log_volume,229286,1.6619467959995937,432,0.98561077286279
rw_liquidity,1.6935680462803602,0.14734936587731445,11.493555036337606,log_volume,229286,1.6619467959995937,432,1.019026632114145
rw_long_dated,0.006005646670234845,0.0015287148664115632,3.9285590806951665,abs_move,229286,0.016274085639768673,432,0.36903128096849636
rw_liquidity,0.004168195843673931,0.0033963400572640827,1.2272610437694556,abs_move,229286,0.016274085639768673,432,0.2561247332684664
rw_long_dated,0.03363558241275234,0.019370571960602708,1.7364269099107068,moved,229286,0.4133047809286219,432,0.08138203080346472
rw_liquidity,-0.011402358071482932,0.016355420125461352,-0.6971608178827687,moved,229286,0.4133047809286219,432,-0.027588255925479192
rw_long_dated,0.0035067363110207863,0.0010883461540903809,3.222078102487209,info_gain,229286,0.0010429052798688102,432,3.3624686524378395
rw_liquidity,0.0035589173846846565,0.0007860501132755159,4.527596045822631,info_gain,229286,0.0010429052798688102,432,3.4125029888930487
