hz,contracts,n,share_all_contracts,share_noncombo_contracts
1-2y,546787451.3499511,2918568,0.00554249215311752,0.010616730212608342
1-3m,404903654.64999974,3304897,0.004104291938532305,0.007861835257749776
1-7d,17594220549.79001,137329977,0.17834321013892238,0.34161920215447683
3-6m,759053792.0199914,4395469,0.0076941225986042845,0.014738211908187917
6-12m,536479640.4200001,2495209,0.005438007382931182,0.010416588004780266
7-30d,4890662110.440002,42983819,0.049574027903786684,0.09495982407675253
<1d,26275532327.21992,364818594,0.26634102773034524,0.5101803950000028
>2y,354271406.59999996,3182771,0.0035910599014418684,0.006878731281465079
nan,140523470.57999843,1399507,0.001424411315760075,0.0027284821039764745
