hz,markets_traded,trades_M,contracts_M,share_of_contracts,trades_per_market_day,median_trades_per_market_day,mean_trade_size,share_trades_lt10,share_trades_ge1000,block_trades,taker_yes_share
<1d,790911,364.818594,26275.53232721992,0.26634102773034524,408.2946219326303,9.0,72.02355570511277,0.43589650751189507,0.009686137324458851,0,0.5566459175597831
1-7d,393192,137.329977,17594.220549790007,0.17834321013892238,190.02322813999152,14.0,128.1163875079511,0.34410574466199756,0.02321938785440851,1,0.6713396376670187
7-30d,58113,42.983819,4890.662110440003,0.049574027903786684,184.40709676865788,6.0,113.77914350607149,0.33016054250554144,0.01882119873992583,0,0.7111417205623354
1-3m,10483,3.304897,404.90365464999974,0.004104291938532305,37.65449076553225,3.0,122.51627044655241,0.3455871695850128,0.020248739975860065,2,0.6267000151593227
3-6m,7647,4.395469,759.0537920199914,0.0076941225986042845,65.34458716141884,3.0,172.69005697002785,0.294432971771613,0.02669976741958594,1,0.7785430860734088
6-12m,14587,2.495209,536.4796404200001,0.005438007382931182,13.929831906971032,2.0,215.00388962207177,0.3861804762647137,0.036265899970703855,5,0.6072429203325252
1-2y,11351,2.918568,546.7874513499512,0.00554249215311752,26.404255704127237,3.0,187.34785393040394,0.25607147066643643,0.031551774705951684,5,0.7183694195235472
>2y,3518,3.182771,354.2714066,0.0035910599014418684,56.3771322292091,3.0,111.30910976630112,0.7948975908100205,0.01717559950118937,0,0.5553666914773322
combo/unknown,30862044,65.530023,47291.805887369985,0.47937176025231854,1.9969122986777599,1.0,721.6815090599005,0.06876835675763458,0.14467637223322813,2,0.8935643895623232
