band,measure,half,markets,brier,ci_lo,ci_hi
40–60¢,volume,less liquid half,359,0.24741782729805015,0.24187744599137598,0.2525397646494991
40–60¢,volume,more liquid half,359,0.24762833495821726,0.24151178655016384,0.2533964676731482
40–60¢,days_traded,less liquid half,359,0.24733830083565464,0.24294663280986542,0.2523080496323529
40–60¢,days_traded,more liquid half,359,0.2477078614206128,0.2419549847754241,0.25398724044502924
40–60¢,open_interest,less liquid half,359,0.24630522284122564,0.2405078638206175,0.25090316470129664
40–60¢,open_interest,more liquid half,359,0.24874093941504177,0.2418465548534926,0.25534268125
40–60¢,spread,less liquid half,360,0.25126506944444443,0.2466096677558398,0.25660370772430274
40–60¢,spread,more liquid half,358,0.243760187849162,0.23771082469257857,0.25009706108746316
20–40¢ or 60–80¢,volume,less liquid half,685,0.1967767897810219,0.18084744683126697,0.21201414853616718
20–40¢ or 60–80¢,volume,more liquid half,685,0.2027742908759124,0.18814001131323993,0.21744624804880072
20–40¢ or 60–80¢,days_traded,less liquid half,688,0.19142024127906976,0.17564119571101272,0.2079730520249794
20–40¢ or 60–80¢,days_traded,more liquid half,682,0.2082043464076246,0.19141127721358153,0.22390613616677962
20–40¢ or 60–80¢,open_interest,less liquid half,685,0.19751861313868613,0.1821028295803286,0.21378736651000424
20–40¢ or 60–80¢,open_interest,more liquid half,685,0.20203246751824816,0.18581850938855554,0.21507586051219071
20–40¢ or 60–80¢,spread,less liquid half,693,0.19964809379509377,0.18367340677064134,0.21554915537687003
20–40¢ or 60–80¢,spread,more liquid half,677,0.19990599889217137,0.1833013459193787,0.21768865236176488
5–20¢ or 80–95¢,volume,less liquid half,954,0.0875628003144654,0.06780926070641402,0.10414854848081948
5–20¢ or 80–95¢,volume,more liquid half,954,0.07406718998951782,0.06032937376672496,0.08975285861279814
5–20¢ or 80–95¢,days_traded,less liquid half,974,0.07750391529774128,0.06115852700593227,0.09414308722104799
5–20¢ or 80–95¢,days_traded,more liquid half,934,0.08426787714132762,0.06653872256153198,0.10123152035132121
5–20¢ or 80–95¢,open_interest,less liquid half,954,0.08793929166666668,0.06992741536449901,0.1047089271830774
5–20¢ or 80–95¢,open_interest,more liquid half,954,0.07369069863731656,0.061634147011293446,0.08982494518759267
5–20¢ or 80–95¢,spread,less liquid half,959,0.07386899582898852,0.05832866293752044,0.09046419926615556
5–20¢ or 80–95¢,spread,more liquid half,946,0.08809095533826639,0.0709809443832207,0.10709927129378478
0–5¢ or 95–100¢,volume,less liquid half,911,0.008971128155872667,0.003798006967473071,0.015770256842359918
0–5¢ or 95–100¢,volume,more liquid half,910,0.006905241208791209,0.0026019908451209175,0.011943043865813237
0–5¢ or 95–100¢,days_traded,less liquid half,916,0.00692024344978166,0.002761906087052781,0.013256539536252346
0–5¢ or 95–100¢,days_traded,more liquid half,905,0.00896964005524862,0.0037912123249575183,0.014835426302161246
0–5¢ or 95–100¢,open_interest,less liquid half,911,0.009011757135016467,0.0038823796289060033,0.014356809615438275
0–5¢ or 95–100¢,open_interest,more liquid half,910,0.006864567582417582,0.002624827527056799,0.012143926022638295
0–5¢ or 95–100¢,spread,less liquid half,927,0.01103310167206041,0.00465884359955643,0.018412829703566034
0–5¢ or 95–100¢,spread,more liquid half,857,0.004920144690781797,0.0015941385031731279,0.009339290954056003
