band,measure,diff_less_minus_more,ci_lo,ci_hi,p
40–60¢,volume,-0.003253613277494183,-0.010082457764486344,0.0031521839214878602,0.332
40–60¢,days_traded,-0.0004247940397006933,-0.006995663189284553,0.005811671372184405,0.902
40–60¢,open_interest,-0.002922605279986945,-0.009737957286286604,0.0035952730830037982,0.363
40–60¢,spread,0.003843934679574723,-0.0028424052302060436,0.010370121805742757,0.232
20–40¢ or 60–80¢,volume,0.004796097952261796,-0.01405992459165603,0.02358177038793193,0.617
20–40¢ or 60–80¢,days_traded,-0.013020896672473858,-0.031224519032136588,0.006123811065243043,0.163
20–40¢ or 60–80¢,open_interest,0.0047636579940661394,-0.013858977215232828,0.022482892818276427,0.607
20–40¢ or 60–80¢,spread,0.0008933128134825941,-0.017424081533360374,0.01850536262638178,0.942
5–20¢ or 80–95¢,volume,0.023572456555469357,0.002615529093154744,0.04576778876307065,0.021
5–20¢ or 80–95¢,days_traded,0.008322997025860826,-0.01268201799516953,0.030731199497413878,0.432
5–20¢ or 80–95¢,open_interest,0.02725418308766485,0.004916839674988491,0.049914643204246344,0.008
5–20¢ or 80–95¢,spread,0.00975939581653086,-0.014893068314363234,0.03513980568441801,0.441
0–5¢ or 95–100¢,volume,0.0007599776124002644,-0.005267667929554232,0.007017581763809239,0.809
0–5¢ or 95–100¢,days_traded,-0.0023258287556304777,-0.008780256466670099,0.004087419776532806,0.444
0–5¢ or 95–100¢,open_interest,0.003842480327439693,-0.003014444444396486,0.011067009984286209,0.305
0–5¢ or 95–100¢,spread,0.006010143515408691,-0.00121988291772444,0.013375735027620019,0.108
