measure,quintile,markets,share_0_5_or_95_100,share_0_20_or_80_100
volume,1,1654,0.24244256348246676,0.5211608222490931
volume,2,1654,0.2617896009673519,0.5822249093107618
volume,3,1653,0.33454325468844526,0.6418632788868723
volume,4,1654,0.31197097944377267,0.6348246674727932
volume,5,1654,0.37605804111245467,0.6801692865779927
days_traded,1,1654,0.2551390568319226,0.5495767835550182
days_traded,2,1654,0.35308343409915355,0.652962515114873
days_traded,3,1653,0.3339382940108893,0.6497277676950998
days_traded,4,1654,0.31559854897218864,0.6324062877871826
days_traded,5,1654,0.26904474002418377,0.5755743651753326
open_interest,1,1654,0.19165659008464328,0.4746070133010883
open_interest,2,1654,0.24244256348246676,0.5616686819830713
open_interest,3,1653,0.3145795523290986,0.6388384754990926
open_interest,4,1654,0.35066505441354295,0.6523579201934704
open_interest,5,1654,0.4274486094316808,0.7327690447400241
spread,1,1613,0.09485430874147552,0.4079355238685679
spread,2,1612,0.12531017369727046,0.4813895781637717
spread,3,1613,0.3068815871047737,0.6441413515189088
spread,4,1612,0.4032258064516129,0.7090570719602978
spread,5,1613,0.5189088654680719,0.7706137631742096
