k,measure,quintile,markets,events,brier,ci_lo,ci_hi,uncertainty,min,max
30,volume,1,1164,332,0.1183364074312715,0.10083530631314543,0.1350697651352543,0.12395525923539519,0.0,5.0
30,volume,2,1163,438,0.09884122678417885,0.08463739080808318,0.11680117379759933,0.11468542841788479,5.0,134.44
30,volume,3,1163,464,0.10527395786758384,0.09242079043006689,0.12000920132632356,0.1172178736027515,135.0,535.29
30,volume,4,1163,505,0.11188567798796216,0.09998008431554824,0.12480865468599685,0.1238340124677558,535.71,1828.9099999999999
30,volume,5,1164,478,0.09863656271477662,0.08714473616951825,0.1124069387002644,0.11237890120274913,1830.14,4132055.72
30,days_traded,1,1164,353,0.1103932884450172,0.09180987303991468,0.12850422284166463,0.11862947787800687,0.0,0.07407407407407407
30,days_traded,2,1163,434,0.08015288284608771,0.06698803570880325,0.09427745469321197,0.09836431405846947,0.07407407407407407,0.23529411764705882
30,days_traded,3,1163,489,0.10254746195184866,0.0893315478829224,0.11384892475918218,0.11667910726569217,0.23529411764705882,0.47368421052631576
30,days_traded,4,1163,478,0.11320374548581254,0.09989308263998664,0.12575788024966156,0.12437922957867584,0.47619047619047616,0.8
30,days_traded,5,1164,337,0.1266591887886598,0.10632463065402803,0.14382945243197506,0.13400533011168383,0.8,1.0
30,open_interest,1,1164,283,0.13029757388316152,0.11226766017596972,0.1479090471821877,0.13472046735395188,0.0,11.81
30,open_interest,2,1163,415,0.10592247957867584,0.09313808277057233,0.12000202508724228,0.11954570614789341,11.81,192.14
30,open_interest,3,1163,455,0.10496290821152193,0.08921522579216495,0.12094104135610571,0.1183290092433362,192.31,580.0
30,open_interest,4,1163,519,0.10625454858125537,0.09403266699638871,0.12033944201997102,0.11692601891659501,581.47,1798.75
30,open_interest,5,1164,492,0.08553730111683848,0.07369124214558391,0.09751957783049665,0.10254946864261168,1803.17,3605777.77
30,spread,1,1156,236,0.15863853568339104,0.1452726247724966,0.17679778139269736,0.16414044355536334,0.08,0.98
30,spread,2,1155,423,0.11883841255411255,0.10726636410224367,0.13428358044110186,0.13820487748917748,0.050000000000000044,0.08
30,spread,3,1155,493,0.09276247294372295,0.08035963118834291,0.108760609366866,0.10886393398268399,0.030000000000000027,0.050000000000000044
30,spread,4,1155,421,0.09203185844155844,0.07812370265523766,0.10516449691591868,0.10274476493506494,0.010000000000000009,0.030000000000000027
30,spread,5,1156,311,0.07435186505190312,0.06230991062984842,0.08802288323127673,0.08160488235294117,0.001,0.010000000000000009
7,volume,1,1042,371,0.05905906285988484,0.04810438392255792,0.07002846927242544,0.08213191602687141,0.0,208.95
7,volume,2,1041,462,0.07284990898174831,0.06272086730059988,0.0858557578897025,0.09117170485110472,209.0,934.93
7,volume,3,1041,482,0.07041814985590779,0.0599994535592534,0.08065568939712049,0.08729654755043229,935.19,2515.77
7,volume,4,1041,467,0.08357159726224783,0.06851449869453095,0.09789415640734822,0.08583330187319885,2519.1400000000003,7776.76
7,volume,5,1042,378,0.08015951511516314,0.06485915620567217,0.09763373992491381,0.07358376703454894,7787.58,14460836.61
7,days_traded,1,1042,390,0.048436620921305185,0.03942322616188695,0.060047410464521084,0.07735416602687141,0.0,0.15789473684210525
7,days_traded,2,1041,476,0.05808092435158501,0.04842719792936238,0.06938259111898996,0.07890034365994236,0.15789473684210525,0.30434782608695654
7,days_traded,3,1041,501,0.06472465585975024,0.054191995769251246,0.07638999105952252,0.08050925384245917,0.30434782608695654,0.4782608695652174
7,days_traded,4,1041,512,0.0963938671950048,0.07967008935659274,0.11361450886093227,0.08811381772334294,0.4782608695652174,0.7333333333333333
7,days_traded,5,1042,420,0.09841483349328216,0.08299669611514136,0.1176634763385593,0.09512355422264876,0.7333333333333333,1.0
7,open_interest,1,1042,329,0.06877527807101728,0.05630334067354409,0.08235185262599459,0.09421560484644914,0.0,285.0
7,open_interest,2,1041,435,0.0768400295389049,0.06446120251849256,0.08855726084908631,0.09297697334293949,285.0,917.5
7,open_interest,3,1041,484,0.07296229731027858,0.0627556549580918,0.08609464100026563,0.08464192939481269,918.53,2146.81
7,open_interest,4,1041,475,0.07947849231508165,0.06569894664217574,0.09502315200709177,0.0801708832853026,2148.87,5906.63
7,open_interest,5,1042,400,0.06800447960652592,0.055586558297509095,0.08426787946568277,0.06800559716890595,5909.36,10973518.9
7,spread,1,1020,230,0.09205777598039216,0.07950054750713305,0.1049595590075442,0.11814712598039216,0.07,0.97
7,spread,2,1020,408,0.10505635049019607,0.09108849198706502,0.12020306273065581,0.11784266911764706,0.05,0.07
7,spread,3,1020,461,0.06825935490196079,0.053951991978734314,0.07972213395028388,0.0822514294117647,0.030000000000000027,0.05
7,spread,4,1020,414,0.06542881225490195,0.04898743469373665,0.08356393164570204,0.06138001127450981,0.010000000000000009,0.030000000000000027
7,spread,5,1020,294,0.042710276225490194,0.0297612372163237,0.05880309473832046,0.04755884142156863,0.000999999999999994,0.010000000000000009
90,volume,1,343,119,0.10904809183673471,0.08069541055794431,0.13590304564254482,0.11402770991253647,0.0,1.0
90,volume,2,343,149,0.09626984183673469,0.0711858566231208,0.12318869612744648,0.10248963338192421,1.0,121.0
90,volume,3,343,168,0.07439119970845481,0.052106943036342404,0.09792748176884257,0.08790617638483965,121.0,442.53
90,volume,4,343,183,0.10175793877551022,0.08092014521024123,0.12478499012979809,0.10782806705539359,446.0,2056.0
90,volume,5,343,168,0.0916561581632653,0.0702395887193748,0.11708851113015659,0.11242110131195338,2059.0,1702508.8599999999
90,days_traded,1,343,127,0.11013146209912537,0.08147147134320554,0.13770852365371722,0.11464696355685132,0.0,0.06666666666666667
90,days_traded,2,343,156,0.07276852696793004,0.0514986373102087,0.09182092728291902,0.09065567128279883,0.06666666666666667,0.21739130434782608
90,days_traded,3,343,191,0.0745563921282799,0.057614267151534525,0.09496700054878074,0.09004127551020408,0.21739130434782608,0.36363636363636365
90,days_traded,4,343,180,0.08192333527696792,0.06247203649990444,0.10364331797278933,0.1017588804664723,0.36666666666666664,0.6521739130434783
90,days_traded,5,343,169,0.1337435138483965,0.09915458466865412,0.17372312722551458,0.1275698972303207,0.6538461538461539,1.0
90,open_interest,1,343,115,0.12034101895043733,0.0934318670470779,0.1514233509525101,0.1266852201166181,0.0,15.25
90,open_interest,2,343,139,0.08979309037900875,0.06478573242888676,0.11688362559158239,0.09133518950437318,15.36,200.0
90,open_interest,3,343,179,0.07031878279883383,0.052710569850290066,0.09243050135090618,0.08129346209912536,200.0,642.06
90,open_interest,4,343,182,0.10134323032069971,0.08079477299508207,0.12581302912526807,0.10999496209912538,644.03,2245.0
90,open_interest,5,343,152,0.09132710787172012,0.07094199129364377,0.1130688963876865,0.11536385422740524,2246.02,2043810.9
90,spread,1,342,88,0.12865603801169592,0.10171713523636919,0.15627660979981242,0.15501062865497076,0.07999999999999999,0.98
90,spread,2,341,172,0.10550381378299119,0.08743050554169766,0.1256728039897983,0.13107096627565984,0.05,0.07999999999999999
90,spread,3,341,180,0.09714160997067448,0.07316192981659987,0.119176670991519,0.10550648387096774,0.0215,0.05
90,spread,4,341,127,0.06462363856304985,0.029413322178873817,0.11152169264107936,0.06215202126099708,0.010000000000000009,0.0215
90,spread,5,341,107,0.07913739809384165,0.054088987867071114,0.10941044800751866,0.07210746994134898,0.001,0.010000000000000009
