price,threshold,k,markets,events,mean_price,came_true,return,ci_lo,ci_hi
midpoint else last trade (baseline),0.7,1,1999,888,0.9424164582291146,0.9589794897448725,0.005679331322959724,-0.011033326327955305,0.02081714426816066
midpoint else last trade (baseline),0.7,7,1930,827,0.9178743523316062,0.9362694300518135,0.010980742322801789,-0.008114087160528683,0.028632307572677162
midpoint else last trade (baseline),0.7,30,1931,749,0.8857731745209735,0.9021232522009321,0.006872151749447077,-0.020282046322633064,0.033901830902670724
midpoint else last trade (baseline),0.7,90,661,286,0.8986346444780636,0.9167927382753404,0.020346475679583698,-0.021126132240975568,0.060119314702181556
midpoint else last trade (baseline),0.7,180,158,96,0.8390506329113924,0.879746835443038,0.03513439427192574,-0.048365552985099786,0.11065624366255838
midpoint else last trade (baseline),0.8,1,1845,841,0.9582523035230353,0.9723577235772358,0.0041195693850349996,-0.010764802350880343,0.01796477030949963
midpoint else last trade (baseline),0.8,7,1677,751,0.943087358378056,0.9600477042337507,0.008119795155609849,-0.008180997379403686,0.02513614295095499
midpoint else last trade (baseline),0.8,30,1492,632,0.9254812332439678,0.9423592493297587,0.0008019520800389294,-0.02179777879561923,0.022853362627737465
midpoint else last trade (baseline),0.8,90,544,238,0.931328125,0.9485294117647058,0.023092642168605942,-0.013475809474638766,0.054417186728833666
midpoint else last trade (baseline),0.8,180,101,72,0.8854455445544552,0.9603960396039604,0.07322825465497745,0.006954274972323109,0.12594384451463514
midpoint else last trade (baseline),0.9,1,1603,761,0.9741550218340613,0.9856519026824704,0.0056141209219374094,-0.005702217374025673,0.015656315912179787
midpoint else last trade (baseline),0.9,7,1346,645,0.9650906389301634,0.9851411589895989,0.01797699829587514,0.006283174125639432,0.028712152051662276
midpoint else last trade (baseline),0.9,30,1049,476,0.9578336510962822,0.9761677788369876,0.005130102890060239,-0.012574428851986274,0.02351796518066749
midpoint else last trade (baseline),0.9,90,413,165,0.9557566585956415,0.9685230024213075,0.021693090238929107,-0.0033935314202553036,0.04440206506701865
midpoint else last trade (baseline),0.9,180,44,35,0.9287500000000002,0.9772727272727273,0.04871661442498139,-0.016300858897732175,0.08515278450022286
midpoint only,0.7,1,953,550,0.8975724029380903,0.925498426023085,0.019554017440651498,-0.008046708643378466,0.04392341704218497
midpoint only,0.7,7,1434,700,0.8951628312412832,0.9191073919107392,0.014978891092357727,-0.00781976873109754,0.03732470421384805
midpoint only,0.7,30,1786,729,0.8780167973124301,0.8980963045912654,0.010802848785287164,-0.016578022458449408,0.036585527341365144
midpoint only,0.7,90,633,280,0.8952093206951027,0.9162717219589257,0.026274120889157152,-0.016248467138649973,0.06302681738079301
midpoint only,0.7,180,154,94,0.8374675324675325,0.8831168831168831,0.034209239444279886,-0.043752470407465674,0.10880111593522361
midpoint only,0.8,1,805,499,0.9241757763975156,0.9478260869565217,0.014386276524034873,-0.00801472010600232,0.03549861916180457
midpoint only,0.8,7,1183,619,0.925759509721048,0.9492814877430262,0.0150357802624591,-0.006149942447548812,0.03420153975574953
midpoint only,0.8,30,1348,606,0.9193456973293769,0.9406528189910979,0.006998253961153822,-0.01604699110284989,0.030881231216951147
midpoint only,0.8,90,516,232,0.9289001937984496,0.9496124031007752,0.030221996879467673,-0.0035435621586294617,0.060176089151740594
midpoint only,0.8,180,98,70,0.8835714285714286,0.9591836734693877,0.07305575436769877,0.005847785472457832,0.1288401319963523
midpoint only,0.9,1,571,403,0.9531812609457092,0.9754816112084063,0.01733976682723688,-0.001876032320906578,0.034470099273229964
midpoint only,0.9,7,856,507,0.953303738317757,0.9813084112149533,0.024382671226683653,0.01062589430315861,0.03641778332147722
midpoint only,0.9,30,907,446,0.9537017640573319,0.9779492833517089,0.01283158251951468,-0.006507332651032282,0.030582769490523853
midpoint only,0.9,90,386,158,0.9541126943005181,0.9715025906735751,0.031857294590935274,0.010440136291935033,0.05031784043332202
midpoint only,0.9,180,42,34,0.9258333333333335,0.9761904761904762,0.05028002484084501,-0.015302805704396068,0.08712570350814869
last trade only,0.7,1,1787,847,0.9487963066592056,0.9496362618914381,-0.011296006397885049,-0.028977847346931738,0.006548487634093481
last trade only,0.7,7,1320,685,0.9257492424242425,0.9143939393939394,-0.018392704005273333,-0.04413985163624323,0.005652989944499697
last trade only,0.7,30,851,481,0.8824629847238542,0.8589894242068156,-0.04714064082560517,-0.08439170494492317,-0.01087786677041024
last trade only,0.7,90,230,156,0.8795260869565217,0.8695652173913043,0.03350020222112974,-0.024118546726618572,0.08783699580795713
last trade only,0.7,180,43,39,0.8444186046511628,0.8604651162790697,0.05215433389718223,-0.08445138633875326,0.16397250790866819
last trade only,0.8,1,1664,797,0.9636953125000003,0.9633413461538461,-0.013861251971785395,-0.031605869393756966,0.0030172852699712504
last trade only,0.8,7,1154,597,0.9517409012131716,0.9410745233968805,-0.019775694659777382,-0.040880221458832536,0.0009839932305325413
last trade only,0.8,30,662,391,0.9226072507552872,0.9169184290030211,-0.02282693590527459,-0.054801833241488684,0.008305099679908725
last trade only,0.8,90,175,121,0.9212628571428572,0.8857142857142857,-0.01302178723577521,-0.07573440936797847,0.03631559346128797
last trade only,0.8,180,28,27,0.8953571428571427,0.9285714285714286,0.03899560693449934,-0.08686006974563312,0.13197094296486353
last trade only,0.9,1,1496,726,0.9766036096256685,0.9779411764705882,-0.011424021203037843,-0.02525253792437969,0.002752950319747456
last trade only,0.9,7,969,504,0.9717616099071209,0.9762641898864809,0.0020355691889537976,-0.013681036300654132,0.016932190657384893
last trade only,0.9,30,447,281,0.9604966442953021,0.9574944071588367,-0.009460045312297844,-0.03739105632518353,0.01635188749414887
last trade only,0.9,90,119,82,0.9574033613445377,0.8991596638655462,-0.04611291682197581,-0.10928066000291474,0.011108645851691192
