variant,sample,category,spec,n,contracts,events,mean_brier,note,term,coef,se,t,clusters
all days,all,AI,(1) month FE,2,2,1,0.00042500000000000074,too few events,,,,,
all days,all,AI,(3) month FE + contract FE,2,2,1,0.00042500000000000074,too few events,,,,,
all days,all,AI,(4) + days-to-expiry bins,2,2,1,0.00042500000000000074,too few events,,,,,
all days,all,Climate and Weather,(1) month FE,29752,19686,4478,0.10635749781527291,,log_cum_vol,-0.005104164121711436,0.0009092521831122045,-5.613584675970546,4478.0
all days,all,Climate and Weather,(1) month FE,29752,19686,4478,0.10635749781527291,,days_to_exp,0.0012998638663753504,0.0003818845103013741,3.403814062396846,4478.0
all days,all,Climate and Weather,(3) month FE + contract FE,29752,19686,4478,0.10635749781527291,,log_cum_vol,-0.021969124979728527,0.001060202595124527,-20.721629130843738,4478.0
all days,all,Climate and Weather,(3) month FE + contract FE,29752,19686,4478,0.10635749781527291,,days_to_exp,-0.0006688364813777563,0.0007936748081593254,-0.8427084676265689,4478.0
all days,all,Climate and Weather,(4) + days-to-expiry bins,29752,19686,4478,0.10635749781527291,,log_cum_vol,-0.008535292469502041,0.0013597009743632378,-6.277330553138133,4478.0
all days,all,Commodities,(1) month FE,37731,20033,3925,0.10606703548806022,,log_cum_vol,-0.0009361331282142613,0.0008527523953332038,-1.097778362555613,3925.0
all days,all,Commodities,(1) month FE,37731,20033,3925,0.10606703548806022,,days_to_exp,0.0006990867719381253,0.0006465503557427228,1.0812564956909683,3925.0
all days,all,Commodities,(3) month FE + contract FE,37731,20033,3925,0.10606703548806022,,log_cum_vol,-0.009280380499026018,0.0012507979940920683,-7.419567782216087,3925.0
all days,all,Commodities,(3) month FE + contract FE,37731,20033,3925,0.10606703548806022,,days_to_exp,0.003164266463676653,0.0009852160448680562,3.2117488140384713,3925.0
all days,all,Commodities,(4) + days-to-expiry bins,37731,20033,3925,0.10606703548806022,,log_cum_vol,-0.0043524260649315805,0.001142346037259576,-3.810076739420225,3925.0
all days,all,Companies,(1) month FE,1453,12,4,0.3435308671713696,too few events,,,,,
all days,all,Companies,(3) month FE + contract FE,1453,12,4,0.3435308671713696,too few events,,,,,
all days,all,Companies,(4) + days-to-expiry bins,1453,12,4,0.3435308671713696,too few events,,,,,
all days,all,Crypto,(1) month FE,23755,12228,3844,0.11222349681119763,,log_cum_vol,0.003427310342683895,0.001694337239166246,2.0228029364274698,3844.0
all days,all,Crypto,(1) month FE,23755,12228,3844,0.11222349681119763,,days_to_exp,0.004015931642020315,0.0010697986727309324,3.753913464641558,3844.0
all days,all,Crypto,(3) month FE + contract FE,23755,12228,3844,0.11222349681119763,,log_cum_vol,-0.0013947436774607179,0.0013677690995741064,-1.019721587433881,3844.0
all days,all,Crypto,(3) month FE + contract FE,23755,12228,3844,0.11222349681119763,,days_to_exp,0.004734126853016501,0.0010562264383901228,4.482113570487928,3844.0
all days,all,Crypto,(4) + days-to-expiry bins,23755,12228,3844,0.11222349681119763,,log_cum_vol,-0.0008789581089749712,0.0014132981606718544,-0.6219197996812871,3844.0
all days,all,Economics,(1) month FE,85951,8017,834,0.1344451110952752,,log_cum_vol,0.0015691846269772643,0.001781255559827373,0.8809430058027938,834.0
all days,all,Economics,(1) month FE,85951,8017,834,0.1344451110952752,,days_to_exp,0.0011169532597304305,0.0003450313296434198,3.23725170373592,834.0
all days,all,Economics,(3) month FE + contract FE,85951,8017,834,0.1344451110952752,,log_cum_vol,-0.0037748877504155866,0.0016911657172398059,-2.232121732325958,834.0
all days,all,Economics,(3) month FE + contract FE,85951,8017,834,0.1344451110952752,,days_to_exp,0.0009415946740332371,0.00024135553538742765,3.901276482106676,834.0
all days,all,Economics,(4) + days-to-expiry bins,85951,8017,834,0.1344451110952752,,log_cum_vol,-0.004828141139884813,0.0017060137256560935,-2.8300716854010197,834.0
all days,all,Elections,(1) month FE,119717,2754,470,0.11004106309671977,,log_cum_vol,0.0007755272498235024,0.00183926696866113,0.42165018077176536,470.0
all days,all,Elections,(1) month FE,119717,2754,470,0.11004106309671977,,days_to_exp,0.00019389429950621818,0.00040449723429247363,0.4793464159164609,470.0
all days,all,Elections,(3) month FE + contract FE,119717,2754,470,0.11004106309671977,,log_cum_vol,-0.005886373958209578,0.00199561304186414,-2.9496569899698613,470.0
all days,all,Elections,(3) month FE + contract FE,119717,2754,470,0.11004106309671977,,days_to_exp,0.00035176458417594196,8.71769682806942e-05,4.035063286937476,470.0
all days,all,Elections,(4) + days-to-expiry bins,119717,2754,470,0.11004106309671977,,log_cum_vol,-0.005543068924122173,0.002014889681632691,-2.7510533081049644,470.0
all days,all,Entertainment,(1) month FE,115170,7735,987,0.10044370886515586,,log_cum_vol,-0.006115266666606398,0.0010481066067496798,-5.834584599719933,987.0
all days,all,Entertainment,(1) month FE,115170,7735,987,0.10044370886515586,,days_to_exp,0.00045950108179220345,0.00031159189791714104,1.4746887992395574,987.0
all days,all,Entertainment,(3) month FE + contract FE,115170,7735,987,0.10044370886515586,,log_cum_vol,-0.010022850823908814,0.0008152924666755976,-12.293564866087346,987.0
all days,all,Entertainment,(3) month FE + contract FE,115170,7735,987,0.10044370886515586,,days_to_exp,0.0003807552799756771,0.00012314578642251604,3.091906682615164,987.0
all days,all,Entertainment,(4) + days-to-expiry bins,115170,7735,987,0.10044370886515586,,log_cum_vol,-0.00786646104789125,0.0007797823209466054,-10.088021793494722,987.0
all days,all,Financials,(1) month FE,169518,69813,1953,0.1501993888834814,,log_cum_vol,-0.005486401991531452,0.0007929010762322863,-6.919402881380589,1953.0
all days,all,Financials,(1) month FE,169518,69813,1953,0.1501993888834814,,days_to_exp,-0.0013201660336170653,0.00025906309476473693,-5.095924739168071,1953.0
all days,all,Financials,(3) month FE + contract FE,169518,69813,1953,0.1501993888834814,,log_cum_vol,-0.00774765531189482,0.0009000016460099333,-8.608490158038343,1953.0
all days,all,Financials,(3) month FE + contract FE,169518,69813,1953,0.1501993888834814,,days_to_exp,0.0010203189022304246,0.0002331941662406021,4.375404919768417,1953.0
all days,all,Financials,(4) + days-to-expiry bins,169518,69813,1953,0.1501993888834814,,log_cum_vol,-0.006812433858621207,0.0007617748781572924,-8.942843947676842,1953.0
all days,all,Mentions,(1) month FE,43554,6837,421,0.17341775784084124,,log_cum_vol,-0.006016262668089019,0.000862606237433913,-6.9745179283496,421.0
all days,all,Mentions,(1) month FE,43554,6837,421,0.17341775784084124,,days_to_exp,-0.00035543831696051634,0.0007834386428184684,-0.4536900499084463,421.0
all days,all,Mentions,(3) month FE + contract FE,43554,6837,421,0.17341775784084124,,log_cum_vol,-0.0051012663399509425,0.0006780881676372371,-7.52301335344936,421.0
all days,all,Mentions,(3) month FE + contract FE,43554,6837,421,0.17341775784084124,,days_to_exp,0.0011378502275924296,0.000726231131009885,1.5667880086745303,421.0
all days,all,Mentions,(4) + days-to-expiry bins,43554,6837,421,0.17341775784084124,,log_cum_vol,-0.003902965642722839,0.0005755389878691404,-6.781409643807225,421.0
all days,all,Politics,(1) month FE,31151,1650,377,0.11160203563288497,,log_cum_vol,-0.007686507966216913,0.001796556582645715,-4.278466951982836,377.0
all days,all,Politics,(1) month FE,31151,1650,377,0.11160203563288497,,days_to_exp,0.001254609304317061,0.000796463711821305,1.575224690963128,377.0
all days,all,Politics,(3) month FE + contract FE,31151,1650,377,0.11160203563288497,,log_cum_vol,-0.010897261237825627,0.001358920699725588,-8.019056034709127,377.0
all days,all,Politics,(3) month FE + contract FE,31151,1650,377,0.11160203563288497,,days_to_exp,0.0014171093574808769,0.0002981201317751848,4.753484271734901,377.0
all days,all,Politics,(4) + days-to-expiry bins,31151,1650,377,0.11160203563288497,,log_cum_vol,-0.010248411338841463,0.0013554142516383771,-7.561091619372855,377.0
all days,all,Science and Technology,(1) month FE,23079,1402,221,0.1305439562589367,,log_cum_vol,0.0028012383668679095,0.004534271000745167,0.6177924447849612,221.0
all days,all,Science and Technology,(1) month FE,23079,1402,221,0.1305439562589367,,days_to_exp,0.001108922780460054,0.0002676942355065756,4.14249779552244,221.0
all days,all,Science and Technology,(3) month FE + contract FE,23079,1402,221,0.1305439562589367,,log_cum_vol,-0.011223866244324287,0.0019277681553341228,-5.822207516639342,221.0
all days,all,Science and Technology,(3) month FE + contract FE,23079,1402,221,0.1305439562589367,,days_to_exp,0.0008933806524377218,0.00040517186990935474,2.2049424424197794,221.0
all days,all,Science and Technology,(4) + days-to-expiry bins,23079,1402,221,0.1305439562589367,,log_cum_vol,-0.007022879809474095,0.0019983649291079415,-3.5143129801667743,221.0
all days,all,Sports,(1) month FE,1491147,517841,114021,0.16746633730024604,,log_cum_vol,-0.005350667971326572,0.00042731077391145676,-12.521724931829793,114021.0
all days,all,Sports,(1) month FE,1491147,517841,114021,0.16746633730024604,,days_to_exp,-0.00011243682266614932,0.00021646070962229945,-0.5194329394112189,114021.0
all days,all,Sports,(3) month FE + contract FE,1491147,517841,114021,0.16746633730024604,,log_cum_vol,-0.004929410579276465,0.0001709828802327007,-28.829848769465922,114021.0
all days,all,Sports,(3) month FE + contract FE,1491147,517841,114021,0.16746633730024604,,days_to_exp,0.0011195419469373958,9.820376107461145e-05,11.400194195075796,114021.0
all days,all,Sports,(4) + days-to-expiry bins,1491147,517841,114021,0.16746633730024604,,log_cum_vol,-0.0009114677444787801,0.00017358046950942632,-5.250980983371996,114021.0
all days,all,World,(1) month FE,854,5,1,0.06554596018735362,too few events,,,,,
all days,all,World,(3) month FE + contract FE,854,5,1,0.06554596018735362,too few events,,,,,
all days,all,World,(4) + days-to-expiry bins,854,5,1,0.06554596018735362,too few events,,,,,
all days,duration > 180 days,Companies,(1) month FE,782,3,1,0.4792662404092072,too few events,,,,,
all days,duration > 180 days,Companies,(3) month FE + contract FE,782,3,1,0.4792662404092072,too few events,,,,,
all days,duration > 180 days,Companies,(4) + days-to-expiry bins,782,3,1,0.4792662404092072,too few events,,,,,
all days,duration > 180 days,Economics,(1) month FE,29988,263,40,0.1497520414415766,,log_cum_vol,0.010301032230014226,0.006146300624067404,1.6759727289742246,40.0
all days,duration > 180 days,Economics,(1) month FE,29988,263,40,0.1497520414415766,,days_to_exp,0.0016910740851060072,0.0007359089143180234,2.29793939467787,40.0
all days,duration > 180 days,Economics,(3) month FE + contract FE,29988,263,40,0.1497520414415766,,log_cum_vol,0.006047104716752869,0.004880121164144658,1.239130036602841,40.0
all days,duration > 180 days,Economics,(3) month FE + contract FE,29988,263,40,0.1497520414415766,,days_to_exp,0.0006077869258332438,0.00025547030113266876,2.37909034098493,40.0
all days,duration > 180 days,Economics,(4) + days-to-expiry bins,29988,263,40,0.1497520414415766,,log_cum_vol,0.0039747770927428755,0.004285280462905272,0.9275418790321401,40.0
all days,duration > 180 days,Elections,(1) month FE,69705,388,72,0.11213989671831288,,log_cum_vol,0.004955113445868228,0.003575887857825054,1.3857015775886368,72.0
all days,duration > 180 days,Elections,(1) month FE,69705,388,72,0.11213989671831288,,days_to_exp,0.000298004503046975,0.0005450132826640137,0.5467839271555642,72.0
all days,duration > 180 days,Elections,(3) month FE + contract FE,69705,388,72,0.11213989671831288,,log_cum_vol,-0.005114595417179377,0.004156985096990438,-1.2303617400221685,72.0
all days,duration > 180 days,Elections,(3) month FE + contract FE,69705,388,72,0.11213989671831288,,days_to_exp,0.00026465785089730206,8.628607938148826e-05,3.067213770684794,72.0
all days,duration > 180 days,Elections,(4) + days-to-expiry bins,69705,388,72,0.11213989671831288,,log_cum_vol,-0.005035709538698476,0.004153330757254135,-1.2124508817178101,72.0
all days,duration > 180 days,Entertainment,(1) month FE,15080,108,23,0.12957040450928384,,log_cum_vol,-0.01282740065250036,0.006294456040851403,-2.0378886704823653,23.0
all days,duration > 180 days,Entertainment,(1) month FE,15080,108,23,0.12957040450928384,,days_to_exp,0.0009008446903739426,0.0008701941467651624,1.0352226497072172,23.0
all days,duration > 180 days,Entertainment,(3) month FE + contract FE,15080,108,23,0.12957040450928384,,log_cum_vol,-0.011400011774325876,0.0050114787919769786,-2.274780009560548,23.0
all days,duration > 180 days,Entertainment,(3) month FE + contract FE,15080,108,23,0.12957040450928384,,days_to_exp,0.00023774270955035596,0.00019550288742089592,1.2160572802105087,23.0
all days,duration > 180 days,Entertainment,(4) + days-to-expiry bins,15080,108,23,0.12957040450928384,,log_cum_vol,-0.010801044423560885,0.0048365298302106615,-2.233221917932517,23.0
all days,duration > 180 days,Financials,(1) month FE,1840,6,5,0.21517720366847828,too few events,,,,,
all days,duration > 180 days,Financials,(3) month FE + contract FE,1840,6,5,0.21517720366847828,too few events,,,,,
all days,duration > 180 days,Financials,(4) + days-to-expiry bins,1840,6,5,0.21517720366847828,too few events,,,,,
all days,duration > 180 days,Politics,(1) month FE,5956,28,20,0.15294608969946275,,log_cum_vol,-0.0074689417506469,0.015447007791170806,-0.48352029413204506,20.0
all days,duration > 180 days,Politics,(1) month FE,5956,28,20,0.15294608969946275,,days_to_exp,0.0029233394432634416,0.0016879859032684515,1.7318506260052124,20.0
all days,duration > 180 days,Politics,(3) month FE + contract FE,5956,28,20,0.15294608969946275,,log_cum_vol,-0.020001664839898875,0.0064756682221722385,-3.088741447780565,20.0
all days,duration > 180 days,Politics,(3) month FE + contract FE,5956,28,20,0.15294608969946275,,days_to_exp,0.0006738290071254437,0.000279495870997347,2.4108728501818897,20.0
all days,duration > 180 days,Politics,(4) + days-to-expiry bins,5956,28,20,0.15294608969946275,,log_cum_vol,-0.020411583227994863,0.006854448374964594,-2.977859356640103,20.0
all days,duration > 180 days,Science and Technology,(1) month FE,7202,21,4,0.17570983983615665,too few events,,,,,
all days,duration > 180 days,Science and Technology,(3) month FE + contract FE,7202,21,4,0.17570983983615665,too few events,,,,,
all days,duration > 180 days,Science and Technology,(4) + days-to-expiry bins,7202,21,4,0.17570983983615665,too few events,,,,,
all days,duration > 180 days,Sports,(1) month FE,69074,469,71,0.08236079866881894,,log_cum_vol,0.0023141704602251834,0.003140438925520378,0.7368939549880659,71.0
all days,duration > 180 days,Sports,(1) month FE,69074,469,71,0.08236079866881894,,days_to_exp,0.0008510886656659442,0.0002991605314119145,2.8449229637651605,71.0
all days,duration > 180 days,Sports,(3) month FE + contract FE,69074,469,71,0.08236079866881894,,log_cum_vol,-0.004030486637709509,0.00202098534658491,-1.9943175958797936,71.0
all days,duration > 180 days,Sports,(3) month FE + contract FE,69074,469,71,0.08236079866881894,,days_to_exp,0.0004454464788757352,0.00010590192293263563,4.206217097295621,71.0
all days,duration > 180 days,Sports,(4) + days-to-expiry bins,69074,469,71,0.08236079866881894,,log_cum_vol,-0.003983412703374417,0.0019409858280754525,-2.052262641878274,71.0
all days,duration > 180 days,World,(1) month FE,854,5,1,0.06554596018735362,too few events,,,,,
all days,duration > 180 days,World,(3) month FE + contract FE,854,5,1,0.06554596018735362,too few events,,,,,
all days,duration > 180 days,World,(4) + days-to-expiry bins,854,5,1,0.06554596018735362,too few events,,,,,
drop last day,all,Climate and Weather,(1) month FE,26296,16969,3057,0.10965077198052935,,log_cum_vol,-0.0048323279410537046,0.0010290893008196799,-4.695732369586106,3057.0
drop last day,all,Climate and Weather,(1) month FE,26296,16969,3057,0.10965077198052935,,days_to_exp,0.001186882811909038,0.00038086854197750354,3.1162531978793426,3057.0
drop last day,all,Climate and Weather,(3) month FE + contract FE,26296,16969,3057,0.10965077198052935,,log_cum_vol,-0.02208832206862994,0.001241582218803552,-17.790462632362196,3057.0
drop last day,all,Climate and Weather,(3) month FE + contract FE,26296,16969,3057,0.10965077198052935,,days_to_exp,-0.0007660578932382168,0.0008145119180983592,-0.9405115827239605,3057.0
drop last day,all,Climate and Weather,(4) + days-to-expiry bins,26296,16969,3057,0.10965077198052935,,log_cum_vol,-0.008674057902593117,0.0014816797597918877,-5.854205569907663,3057.0
drop last day,all,Commodities,(1) month FE,28139,11514,730,0.11182903011834108,,log_cum_vol,-0.001548709184083708,0.0010034282900156927,-1.5434178999074142,730.0
drop last day,all,Commodities,(1) month FE,28139,11514,730,0.11182903011834108,,days_to_exp,0.0003079111302126679,0.0007103933018499733,0.4334375470754299,730.0
drop last day,all,Commodities,(3) month FE + contract FE,28139,11514,730,0.11182903011834108,,log_cum_vol,-0.007660347265603987,0.0013085520460377569,-5.854063878314364,730.0
drop last day,all,Commodities,(3) month FE + contract FE,28139,11514,730,0.11182903011834108,,days_to_exp,0.003577733399387386,0.0010203546498447661,3.5063626161077353,730.0
drop last day,all,Commodities,(4) + days-to-expiry bins,28139,11514,730,0.11182903011834108,,log_cum_vol,-0.004882706071029374,0.0012060320167854059,-4.048570853072281,730.0
drop last day,all,Companies,(1) month FE,1446,12,4,0.3451680670816044,too few events,,,,,
drop last day,all,Companies,(3) month FE + contract FE,1446,12,4,0.3451680670816044,too few events,,,,,
drop last day,all,Companies,(4) + days-to-expiry bins,1446,12,4,0.3451680670816044,too few events,,,,,
drop last day,all,Crypto,(1) month FE,20059,9000,1771,0.12589666971185004,,log_cum_vol,0.0023907774672066087,0.0017889334962398835,1.3364261288816641,1771.0
drop last day,all,Crypto,(1) month FE,20059,9000,1771,0.12589666971185004,,days_to_exp,0.0033855063542328518,0.0011365495048020397,2.9787583734177314,1771.0
drop last day,all,Crypto,(3) month FE + contract FE,20059,9000,1771,0.12589666971185004,,log_cum_vol,-0.0008055099266143345,0.0013798547625593978,-0.5837642833657721,1771.0
drop last day,all,Crypto,(3) month FE + contract FE,20059,9000,1771,0.12589666971185004,,days_to_exp,0.004572829141859288,0.0010862652994504214,4.209679849087362,1771.0
drop last day,all,Crypto,(4) + days-to-expiry bins,20059,9000,1771,0.12589666971185004,,log_cum_vol,-0.0004482339469668201,0.0014726718782692696,-0.3043678320887058,1771.0
drop last day,all,Economics,(1) month FE,80742,7598,829,0.1365792828979961,,log_cum_vol,0.002019410130099732,0.0018794875927152963,1.074447172690451,829.0
drop last day,all,Economics,(1) month FE,80742,7598,829,0.1365792828979961,,days_to_exp,0.0011150362678641508,0.00035041786195663606,3.1820189234592604,829.0
drop last day,all,Economics,(3) month FE + contract FE,80742,7598,829,0.1365792828979961,,log_cum_vol,-0.003823509387897256,0.0021601985692259124,-1.7699805204793633,829.0
drop last day,all,Economics,(3) month FE + contract FE,80742,7598,829,0.1365792828979961,,days_to_exp,0.0009440663490120418,0.00024970979759792985,3.780654015555008,829.0
drop last day,all,Economics,(4) + days-to-expiry bins,80742,7598,829,0.1365792828979961,,log_cum_vol,-0.004785983563520576,0.0019736245935462614,-2.424971587388356,829.0
drop last day,all,Elections,(1) month FE,119361,2747,468,0.11029259209038128,,log_cum_vol,0.0007959824167277096,0.0018448929094182405,0.431451827184219,468.0
drop last day,all,Elections,(1) month FE,119361,2747,468,0.11029259209038128,,days_to_exp,0.00018550596178564384,0.0004057158029492285,0.4572312945100099,468.0
drop last day,all,Elections,(3) month FE + contract FE,119361,2747,468,0.11029259209038128,,log_cum_vol,-0.005774982744033192,0.002002903747496672,-2.883305176921782,468.0
drop last day,all,Elections,(3) month FE + contract FE,119361,2747,468,0.11029259209038128,,days_to_exp,0.00034287229626264694,8.709936448182993e-05,3.936564845248378,468.0
drop last day,all,Elections,(4) + days-to-expiry bins,119361,2747,468,0.11029259209038128,,log_cum_vol,-0.005491840215457356,0.0020209456741273613,-2.7174605857867595,468.0
drop last day,all,Entertainment,(1) month FE,113117,7365,947,0.10022564910667717,,log_cum_vol,-0.005963680774577845,0.0010669726419149247,-5.589347411827417,947.0
drop last day,all,Entertainment,(1) month FE,113117,7365,947,0.10022564910667717,,days_to_exp,0.0004756440162978167,0.0003144912507392365,1.5124236848553907,947.0
drop last day,all,Entertainment,(3) month FE + contract FE,113117,7365,947,0.10022564910667717,,log_cum_vol,-0.009834086831727328,0.0008257054879571668,-11.909920637753432,947.0
drop last day,all,Entertainment,(3) month FE + contract FE,113117,7365,947,0.10022564910667717,,days_to_exp,0.00038348695175780174,0.00012353299872337406,3.1043280396401567,947.0
drop last day,all,Entertainment,(4) + days-to-expiry bins,113117,7365,947,0.10022564910667717,,log_cum_vol,-0.0077183599074933645,0.0007918685732713288,-9.747021372003251,947.0
drop last day,all,Financials,(1) month FE,142664,52283,1720,0.15291668544622328,,log_cum_vol,-0.006332263390506333,0.0008245089941097047,-7.680041619611243,1720.0
drop last day,all,Financials,(1) month FE,142664,52283,1720,0.15291668544622328,,days_to_exp,-0.001624923907218682,0.0002728871152028328,-5.954564421302563,1720.0
drop last day,all,Financials,(3) month FE + contract FE,142664,52283,1720,0.15291668544622328,,log_cum_vol,-0.007064699057338064,0.0009214477816602811,-7.666955412935893,1720.0
drop last day,all,Financials,(3) month FE + contract FE,142664,52283,1720,0.15291668544622328,,days_to_exp,0.0009923347831726546,0.00023338201020715692,4.251976329674375,1720.0
drop last day,all,Financials,(4) + days-to-expiry bins,142664,52283,1720,0.15291668544622328,,log_cum_vol,-0.006624994612006824,0.000777358669194362,-8.522442566792016,1720.0
drop last day,all,Mentions,(1) month FE,42756,6807,412,0.17495910223126582,,log_cum_vol,-0.0057630230497942875,0.0008640666136598161,-6.669651342486883,412.0
drop last day,all,Mentions,(1) month FE,42756,6807,412,0.17495910223126582,,days_to_exp,-0.0005068794733221641,0.0007654425410352312,-0.6622044714638272,412.0
drop last day,all,Mentions,(3) month FE + contract FE,42756,6807,412,0.17495910223126582,,log_cum_vol,-0.004424867776608442,0.0006795689256386885,-6.511286213462099,412.0
drop last day,all,Mentions,(3) month FE + contract FE,42756,6807,412,0.17495910223126582,,days_to_exp,0.0011100454033273507,0.0007064704289576894,1.5712552965098436,412.0
drop last day,all,Mentions,(4) + days-to-expiry bins,42756,6807,412,0.17495910223126582,,log_cum_vol,-0.003923272529029801,0.0005935927825632191,-6.609366967180001,412.0
drop last day,all,Politics,(1) month FE,30760,1644,375,0.11226824477405721,,log_cum_vol,-0.007742761068839052,0.00180464813713333,-4.290454692812512,375.0
drop last day,all,Politics,(1) month FE,30760,1644,375,0.11226824477405721,,days_to_exp,0.0012444934993158553,0.0008008016199212857,1.5540596676592413,375.0
drop last day,all,Politics,(3) month FE + contract FE,30760,1644,375,0.11226824477405721,,log_cum_vol,-0.010475224899877176,0.001359061988642331,-7.707687351584062,375.0
drop last day,all,Politics,(3) month FE + contract FE,30760,1644,375,0.11226824477405721,,days_to_exp,0.0013705280379775248,0.0002930214769473917,4.677227253972192,375.0
drop last day,all,Politics,(4) + days-to-expiry bins,30760,1644,375,0.11226824477405721,,log_cum_vol,-0.010001171915983646,0.0013696074703710833,-7.3022177027655335,375.0
drop last day,all,Science and Technology,(1) month FE,22706,1385,221,0.13164490515722715,,log_cum_vol,0.002780636428561096,0.004638926255540454,0.5994138029765124,221.0
drop last day,all,Science and Technology,(1) month FE,22706,1385,221,0.13164490515722715,,days_to_exp,0.001088280751773379,0.0002700549148472036,4.029849826614433,221.0
drop last day,all,Science and Technology,(3) month FE + contract FE,22706,1385,221,0.13164490515722715,,log_cum_vol,-0.010857909857815328,0.0019451486458800808,-5.5820463288566184,221.0
drop last day,all,Science and Technology,(3) month FE + contract FE,22706,1385,221,0.13164490515722715,,days_to_exp,0.0008997110832577255,0.00041809802866217305,2.1519141961434602,221.0
drop last day,all,Science and Technology,(4) + days-to-expiry bins,22706,1385,221,0.13164490515722715,,log_cum_vol,-0.0064989488379325324,0.0020027699596735773,-3.2449801868367185,221.0
drop last day,all,Sports,(1) month FE,1347821,483409,111710,0.17284524403648555,,log_cum_vol,-0.0054996249152634655,0.0005329809447284253,-10.31861452019779,111710.0
drop last day,all,Sports,(1) month FE,1347821,483409,111710,0.17284524403648555,,days_to_exp,-0.0003287133520770591,0.00023842264060738977,-1.3787002410494686,111710.0
drop last day,all,Sports,(3) month FE + contract FE,1347821,483409,111710,0.17284524403648555,,log_cum_vol,-0.001604694559126231,0.00020073978120220713,-7.993904095719854,111710.0
drop last day,all,Sports,(3) month FE + contract FE,1347821,483409,111710,0.17284524403648555,,days_to_exp,0.001022092715027047,9.363475532266163e-05,10.91574075785168,111710.0
drop last day,all,Sports,(4) + days-to-expiry bins,1347821,483409,111710,0.17284524403648555,,log_cum_vol,4.1443166146371044e-05,0.00020810131710446024,0.19914898532606545,111710.0
drop last day,all,World,(1) month FE,854,5,1,0.06554596018735362,too few events,,,,,
drop last day,all,World,(3) month FE + contract FE,854,5,1,0.06554596018735362,too few events,,,,,
drop last day,all,World,(4) + days-to-expiry bins,854,5,1,0.06554596018735362,too few events,,,,,
drop last day,duration > 180 days,Companies,(1) month FE,779,3,1,0.4810883825417201,too few events,,,,,
drop last day,duration > 180 days,Companies,(3) month FE + contract FE,779,3,1,0.4810883825417201,too few events,,,,,
drop last day,duration > 180 days,Companies,(4) + days-to-expiry bins,779,3,1,0.4810883825417201,too few events,,,,,
drop last day,duration > 180 days,Economics,(1) month FE,29848,263,40,0.1498112347477218,,log_cum_vol,0.010265470292893347,0.006187901336633074,1.65895830176228,40.0
drop last day,duration > 180 days,Economics,(1) month FE,29848,263,40,0.1498112347477218,,days_to_exp,0.0016950719506777319,0.0007348478027743908,2.306697991445372,40.0
drop last day,duration > 180 days,Economics,(3) month FE + contract FE,29848,263,40,0.1498112347477218,,log_cum_vol,0.006026694458413605,0.0048426565615193855,1.2445017278951385,40.0
drop last day,duration > 180 days,Economics,(3) month FE + contract FE,29848,263,40,0.1498112347477218,,days_to_exp,0.0005904497717873382,0.00025433163406734626,2.3215742467607816,40.0
drop last day,duration > 180 days,Economics,(4) + days-to-expiry bins,29848,263,40,0.1498112347477218,,log_cum_vol,0.004002790730992032,0.004269250207435043,0.9375863527560501,40.0
drop last day,duration > 180 days,Elections,(1) month FE,69630,388,72,0.11225002989731438,,log_cum_vol,0.0049632143212714995,0.0035803413317970715,1.3862405456130984,72.0
drop last day,duration > 180 days,Elections,(1) month FE,69630,388,72,0.11225002989731438,,days_to_exp,0.0002952661780683521,0.0005454382661169007,0.5413374829206965,72.0
drop last day,duration > 180 days,Elections,(3) month FE + contract FE,69630,388,72,0.11225002989731438,,log_cum_vol,-0.005082066119856097,0.004161752965011313,-1.2211359402112618,72.0
drop last day,duration > 180 days,Elections,(3) month FE + contract FE,69630,388,72,0.11225002989731438,,days_to_exp,0.00026290919687867506,8.650315618644916e-05,3.0393017835326126,72.0
drop last day,duration > 180 days,Elections,(4) + days-to-expiry bins,69630,388,72,0.11225002989731438,,log_cum_vol,-0.005048254400422953,0.004153836017066083,-1.2153234696030708,72.0
drop last day,duration > 180 days,Entertainment,(1) month FE,15065,108,23,0.12964798041818784,,log_cum_vol,-0.012847698499507766,0.006299568195613454,-2.039457007299951,23.0
drop last day,duration > 180 days,Entertainment,(1) month FE,15065,108,23,0.12964798041818784,,days_to_exp,0.0008959433588346132,0.0008716081722308949,1.027919869706398,23.0
drop last day,duration > 180 days,Entertainment,(3) month FE + contract FE,15065,108,23,0.12964798041818784,,log_cum_vol,-0.01136204328229095,0.005026234170212123,-2.260547936589957,23.0
drop last day,duration > 180 days,Entertainment,(3) month FE + contract FE,15065,108,23,0.12964798041818784,,days_to_exp,0.00023447811756120671,0.00019696495166842364,1.1904560459869724,23.0
drop last day,duration > 180 days,Entertainment,(4) + days-to-expiry bins,15065,108,23,0.12964798041818784,,log_cum_vol,-0.010783387395712874,0.004847017681883765,-2.224746865689579,23.0
drop last day,duration > 180 days,Financials,(1) month FE,1838,6,5,0.21541098340587594,too few events,,,,,
drop last day,duration > 180 days,Financials,(3) month FE + contract FE,1838,6,5,0.21541098340587594,too few events,,,,,
drop last day,duration > 180 days,Financials,(4) + days-to-expiry bins,1838,6,5,0.21541098340587594,too few events,,,,,
drop last day,duration > 180 days,Politics,(1) month FE,5945,28,20,0.15322367489486963,,log_cum_vol,-0.0074664716648640585,0.01547579573651337,-0.4824612441250935,20.0
drop last day,duration > 180 days,Politics,(1) month FE,5945,28,20,0.15322367489486963,,days_to_exp,0.0029199620133561633,0.0016901222203261764,1.727663229463157,20.0
drop last day,duration > 180 days,Politics,(3) month FE + contract FE,5945,28,20,0.15322367489486963,,log_cum_vol,-0.01994018553810447,0.006473680827318006,-3.080192871721408,20.0
drop last day,duration > 180 days,Politics,(3) month FE + contract FE,5945,28,20,0.15322367489486963,,days_to_exp,0.0006597067564298863,0.0002784297835778007,2.369382858229844,20.0
drop last day,duration > 180 days,Politics,(4) + days-to-expiry bins,5945,28,20,0.15322367489486963,,log_cum_vol,-0.0203579717782673,0.006857508101398343,-2.968712756477243,20.0
drop last day,duration > 180 days,Science and Technology,(1) month FE,7199,21,4,0.17575509674954853,too few events,,,,,
drop last day,duration > 180 days,Science and Technology,(3) month FE + contract FE,7199,21,4,0.17575509674954853,too few events,,,,,
drop last day,duration > 180 days,Science and Technology,(4) + days-to-expiry bins,7199,21,4,0.17575509674954853,too few events,,,,,
drop last day,duration > 180 days,Sports,(1) month FE,69018,469,71,0.0823978772494132,,log_cum_vol,0.0023142579209670406,0.003144820949145745,0.7358949709348898,71.0
drop last day,duration > 180 days,Sports,(1) month FE,69018,469,71,0.0823978772494132,,days_to_exp,0.0008523052984518648,0.00029996999414040897,2.8413018471871574,71.0
drop last day,duration > 180 days,Sports,(3) month FE + contract FE,69018,469,71,0.0823978772494132,,log_cum_vol,-0.004021131799245362,0.002019627126387076,-1.991026831986947,71.0
drop last day,duration > 180 days,Sports,(3) month FE + contract FE,69018,469,71,0.0823978772494132,,days_to_exp,0.00044519318101389526,0.0001060194634441703,4.1991646302599275,71.0
drop last day,duration > 180 days,Sports,(4) + days-to-expiry bins,69018,469,71,0.0823978772494132,,log_cum_vol,-0.003973792705087926,0.0019414025648804853,-2.046866928566439,71.0
drop last day,duration > 180 days,World,(1) month FE,854,5,1,0.06554596018735362,too few events,,,,,
drop last day,duration > 180 days,World,(3) month FE + contract FE,854,5,1,0.06554596018735362,too few events,,,,,
drop last day,duration > 180 days,World,(4) + days-to-expiry bins,854,5,1,0.06554596018735362,too few events,,,,,
