variant,sample,spec,n,contracts,events,mean_brier,term,coef,se,t,clusters,r2_within,note
all days,all,(1) month FE,657932,137946,13672,0.12694768865741446,log_cum_vol,-0.003665792567786687,0.0005343167106527862,-6.860711062747989,13672.0,0.004797511528830567,
all days,all,(1) month FE,657932,137946,13672,0.12694768865741446,days_to_exp,0.00014039732196545533,0.0001926686611230857,0.7286982799748787,13672.0,0.004797511528830567,
all days,all,(2) + category FE + duration,657932,137946,13672,0.12694768865741446,log_cum_vol,-0.002757549583510028,0.0006002375427482216,-4.594097148412994,13672.0,0.0033928054636800375,
all days,all,(2) + category FE + duration,657932,137946,13672,0.12694768865741446,days_to_exp,0.0003319947199457578,0.00019428881673224358,1.7087690662262445,13672.0,0.0033928054636800375,
all days,all,(2) + category FE + duration,657932,137946,13672,0.12694768865741446,horizon_days,-4.159321608066268e-05,4.5474689057618884e-05,-0.9146454201800441,13672.0,0.0033928054636800375,
all days,all,(3) month FE + contract FE,657932,137946,13672,0.12694768865741446,log_cum_vol,-0.007916453411345097,0.0005728733928309421,-13.818853363436418,13672.0,0.02732704450724799,
all days,all,(3) month FE + contract FE,657932,137946,13672,0.12694768865741446,days_to_exp,0.0007287025625568089,8.379024511794677e-05,8.696746996396246,13672.0,0.02732704450724799,
all days,all,(4) + days-to-expiry bins,657932,137946,13672,0.12694768865741446,log_cum_vol,-0.006560101358106366,0.0005827573840932477,-11.257002548862902,13672.0,0.012739890724119518,
all days,all,(5) log days to expiry,657932,137946,13672,0.12694768865741446,log_cum_vol,-0.006731971576116573,0.0005694106431067972,-11.822700642520202,13672.0,0.03133026157296004,
all days,all,(5) log days to expiry,657932,137946,13672,0.12694768865741446,log_days_to_exp,0.024084272777601754,0.0023366718209116453,10.307084016704302,13672.0,0.03133026157296004,
all days,duration > 180 days,(1) month FE,131407,822,166,0.1313818525725418,log_cum_vol,0.004424753601295639,0.0031221344548717144,1.4172207075807848,166.0,0.013121677886667515,
all days,duration > 180 days,(1) month FE,131407,822,166,0.1313818525725418,days_to_exp,0.0010748065900794757,0.0004254470329827106,2.5262994139229407,166.0,0.013121677886667515,
all days,duration > 180 days,(2) + category FE + duration,131407,822,166,0.1313818525725418,log_cum_vol,0.006616314681271905,0.002837027122609045,2.3321295128075032,166.0,0.017449964773362803,
all days,duration > 180 days,(2) + category FE + duration,131407,822,166,0.1313818525725418,days_to_exp,0.0011292752989984225,0.0003746775764418553,3.013992216248015,166.0,0.017449964773362803,
all days,duration > 180 days,(2) + category FE + duration,131407,822,166,0.1313818525725418,horizon_days,-0.00011601758793793457,8.86263837915326e-05,-1.3090637683111577,166.0,0.017449964773362803,
all days,duration > 180 days,(3) month FE + contract FE,131407,822,166,0.1313818525725418,log_cum_vol,-0.0018881470737408734,0.002800476443150619,-0.6742235159159746,166.0,0.0019217999566566446,
all days,duration > 180 days,(3) month FE + contract FE,131407,822,166,0.1313818525725418,days_to_exp,0.0004126106113644921,8.553708426850648e-05,4.823762873063109,166.0,0.0019217999566566446,
all days,duration > 180 days,(4) + days-to-expiry bins,131407,822,166,0.1313818525725418,log_cum_vol,-0.0020843778056689266,0.0027500046926760575,-0.7579542723036583,166.0,0.0007990042349252935,
all days,duration > 180 days,(5) log days to expiry,131407,822,166,0.1313818525725418,log_cum_vol,-0.0021897762418286943,0.00272898793149538,-0.8024133110140877,166.0,0.0008861778019754185,
all days,duration > 180 days,(5) log days to expiry,131407,822,166,0.1313818525725418,log_days_to_exp,-0.0021933979211739793,0.012029087671356409,-0.18234117009529202,166.0,0.0008861778019754185,
all days,expired in 2026,(1) month FE,657932,137946,13672,0.12694768865741446,log_cum_vol,-0.003665792567786687,0.0005343167106527862,-6.860711062747989,13672.0,0.004797511528830567,
all days,expired in 2026,(1) month FE,657932,137946,13672,0.12694768865741446,days_to_exp,0.00014039732196545533,0.0001926686611230857,0.7286982799748787,13672.0,0.004797511528830567,
all days,expired in 2026,(2) + category FE + duration,657932,137946,13672,0.12694768865741446,log_cum_vol,-0.002757549583510028,0.0006002375427482216,-4.594097148412994,13672.0,0.0033928054636800375,
all days,expired in 2026,(2) + category FE + duration,657932,137946,13672,0.12694768865741446,days_to_exp,0.0003319947199457578,0.00019428881673224358,1.7087690662262445,13672.0,0.0033928054636800375,
all days,expired in 2026,(2) + category FE + duration,657932,137946,13672,0.12694768865741446,horizon_days,-4.159321608066268e-05,4.5474689057618884e-05,-0.9146454201800441,13672.0,0.0033928054636800375,
all days,expired in 2026,(3) month FE + contract FE,657932,137946,13672,0.12694768865741446,log_cum_vol,-0.007916453411345097,0.0005728733928309421,-13.818853363436418,13672.0,0.02732704450724799,
all days,expired in 2026,(3) month FE + contract FE,657932,137946,13672,0.12694768865741446,days_to_exp,0.0007287025625568089,8.379024511794677e-05,8.696746996396246,13672.0,0.02732704450724799,
all days,expired in 2026,(4) + days-to-expiry bins,657932,137946,13672,0.12694768865741446,log_cum_vol,-0.006560101358106366,0.0005827573840932477,-11.257002548862902,13672.0,0.012739890724119518,
all days,expired in 2026,(5) log days to expiry,657932,137946,13672,0.12694768865741446,log_cum_vol,-0.006731971576116573,0.0005694106431067972,-11.822700642520202,13672.0,0.03133026157296004,
all days,expired in 2026,(5) log days to expiry,657932,137946,13672,0.12694768865741446,log_days_to_exp,0.024084272777601754,0.0023366718209116453,10.307084016704302,13672.0,0.03133026157296004,
all days,expired in 2025,(1) month FE,0,0,0,,,,,,,,too few observations
all days,expired in 2025,(2) + category FE + duration,0,0,0,,,,,,,,too few observations
all days,expired in 2025,(3) month FE + contract FE,0,0,0,,,,,,,,too few observations
all days,expired in 2025,(4) + days-to-expiry bins,0,0,0,,,,,,,,too few observations
all days,expired in 2025,(5) log days to expiry,0,0,0,,,,,,,,too few observations
drop last day,all,(1) month FE,608841,108329,8764,0.12787168433301963,log_cum_vol,-0.003824987964241403,0.000570082089160065,-6.709538918994946,8764.0,0.005078112014770597,
drop last day,all,(1) month FE,608841,108329,8764,0.12787168433301963,days_to_exp,8.873566926193027e-05,0.00020014980043528435,0.4433462789817855,8764.0,0.005078112014770597,
drop last day,all,(2) + category FE + duration,608841,108329,8764,0.12787168433301963,log_cum_vol,-0.0028069427914132637,0.0006286473181337598,-4.465051723669359,8764.0,0.0034494103365962925,
drop last day,all,(2) + category FE + duration,608841,108329,8764,0.12787168433301963,days_to_exp,0.00029118388746045005,0.00019889688600582548,1.4639941997479116,8764.0,0.0034494103365962925,
drop last day,all,(2) + category FE + duration,608841,108329,8764,0.12787168433301963,horizon_days,-4.3054123332395394e-05,4.5619836507103635e-05,-0.9437588257400106,8764.0,0.0034494103365962925,
drop last day,all,(3) month FE + contract FE,608841,108329,8764,0.12787168433301963,log_cum_vol,-0.007583015507726392,0.0006047291816324645,-12.539523042787625,8764.0,0.02555373852105758,
drop last day,all,(3) month FE + contract FE,608841,108329,8764,0.12787168433301963,days_to_exp,0.0007222820152842953,8.357312957780177e-05,8.64251487210243,8764.0,0.02555373852105758,
drop last day,all,(4) + days-to-expiry bins,608841,108329,8764,0.12787168433301963,log_cum_vol,-0.006564581174183343,0.0006148404308307903,-10.67688597724956,8764.0,0.012705151283891603,
drop last day,all,(5) log days to expiry,608841,108329,8764,0.12787168433301963,log_cum_vol,-0.0066870690738403404,0.0005988408424813362,-11.166688374380131,8764.0,0.027805473077125442,
drop last day,all,(5) log days to expiry,608841,108329,8764,0.12787168433301963,log_days_to_exp,0.02189946865314672,0.0025018166030737585,8.753426860402477,8764.0,0.027805473077125442,
drop last day,duration > 180 days,(1) month FE,131158,822,166,0.13147141095282028,log_cum_vol,0.0044185813162207765,0.0031279851210155563,1.4125966541638169,166.0,0.013112052989489364,
drop last day,duration > 180 days,(1) month FE,131158,822,166,0.13147141095282028,days_to_exp,0.001074646919919105,0.0004255325974464096,2.525416211044661,166.0,0.013112052989489364,
drop last day,duration > 180 days,(2) + category FE + duration,131158,822,166,0.13147141095282028,log_cum_vol,0.00659456657257367,0.0028449527481749256,2.3179880849705397,166.0,0.01740307423919374,
drop last day,duration > 180 days,(2) + category FE + duration,131158,822,166,0.13147141095282028,days_to_exp,0.0011285177173430486,0.00037469486306519203,3.0118313021726726,166.0,0.01740307423919374,
drop last day,duration > 180 days,(2) + category FE + duration,131158,822,166,0.13147141095282028,horizon_days,-0.00011605397453329168,8.87464016841787e-05,-1.307703437332505,166.0,0.01740307423919374,
drop last day,duration > 180 days,(3) month FE + contract FE,131158,822,166,0.13147141095282028,log_cum_vol,-0.001937783084175335,0.0027911405893601454,-0.6942620846696804,166.0,0.0019267387290425875,
drop last day,duration > 180 days,(3) month FE + contract FE,131158,822,166,0.13147141095282028,days_to_exp,0.0004051928276747516,8.51013150978357e-05,4.761299249123548,166.0,0.0019267387290425875,
drop last day,duration > 180 days,(4) + days-to-expiry bins,131158,822,166,0.13147141095282028,log_cum_vol,-0.0021535489071320773,0.0027419741534307606,-0.7854008778447291,166.0,0.0008550805445770582,
drop last day,duration > 180 days,(5) log days to expiry,131158,822,166,0.13147141095282028,log_cum_vol,-0.002258633533885456,0.0027216326378888367,-0.829881851959812,166.0,0.0009780694085214092,
drop last day,duration > 180 days,(5) log days to expiry,131158,822,166,0.13147141095282028,log_days_to_exp,-0.00422188674048024,0.012511276938798466,-0.3374465101470045,166.0,0.0009780694085214092,
drop last day,expired in 2026,(1) month FE,608841,108329,8764,0.12787168433301963,log_cum_vol,-0.003824987964241403,0.000570082089160065,-6.709538918994946,8764.0,0.005078112014770597,
drop last day,expired in 2026,(1) month FE,608841,108329,8764,0.12787168433301963,days_to_exp,8.873566926193027e-05,0.00020014980043528435,0.4433462789817855,8764.0,0.005078112014770597,
drop last day,expired in 2026,(2) + category FE + duration,608841,108329,8764,0.12787168433301963,log_cum_vol,-0.0028069427914132637,0.0006286473181337598,-4.465051723669359,8764.0,0.0034494103365962925,
drop last day,expired in 2026,(2) + category FE + duration,608841,108329,8764,0.12787168433301963,days_to_exp,0.00029118388746045005,0.00019889688600582548,1.4639941997479116,8764.0,0.0034494103365962925,
drop last day,expired in 2026,(2) + category FE + duration,608841,108329,8764,0.12787168433301963,horizon_days,-4.3054123332395394e-05,4.5619836507103635e-05,-0.9437588257400106,8764.0,0.0034494103365962925,
drop last day,expired in 2026,(3) month FE + contract FE,608841,108329,8764,0.12787168433301963,log_cum_vol,-0.007583015507726392,0.0006047291816324645,-12.539523042787625,8764.0,0.02555373852105758,
drop last day,expired in 2026,(3) month FE + contract FE,608841,108329,8764,0.12787168433301963,days_to_exp,0.0007222820152842953,8.357312957780177e-05,8.64251487210243,8764.0,0.02555373852105758,
drop last day,expired in 2026,(4) + days-to-expiry bins,608841,108329,8764,0.12787168433301963,log_cum_vol,-0.006564581174183343,0.0006148404308307903,-10.67688597724956,8764.0,0.012705151283891603,
drop last day,expired in 2026,(5) log days to expiry,608841,108329,8764,0.12787168433301963,log_cum_vol,-0.0066870690738403404,0.0005988408424813362,-11.166688374380131,8764.0,0.027805473077125442,
drop last day,expired in 2026,(5) log days to expiry,608841,108329,8764,0.12787168433301963,log_days_to_exp,0.02189946865314672,0.0025018166030737585,8.753426860402477,8764.0,0.027805473077125442,
drop last day,expired in 2025,(1) month FE,0,0,0,,,,,,,,too few observations
drop last day,expired in 2025,(2) + category FE + duration,0,0,0,,,,,,,,too few observations
drop last day,expired in 2025,(3) month FE + contract FE,0,0,0,,,,,,,,too few observations
drop last day,expired in 2025,(4) + days-to-expiry bins,0,0,0,,,,,,,,too few observations
drop last day,expired in 2025,(5) log days to expiry,0,0,0,,,,,,,,too few observations
