group,markets,market_days,settle_lag_h_median,settle_lag_over_1d,close_after_expected_over_1d,close_before_expected_over_1d,can_close_early,final_day_locked,locked_tail_days_median,locked_tail_days_p90,locked_tail_over_7d,rows_in_locked_tail,rows_final_day,rows_after_expected,brier_final_day,brier_other_days
all,309942,961217,1.051970275,0.015328674397145272,0.0,0.07981170670641603,0.999451510282569,0.6224648482619328,1.0,1.0,0.004404049789960702,0.2578689307409253,0.3224474806417281,3.1210434272385943e-06,0.029982273266449855,0.12045545345975203
< 1 day,220925,256535,1.0519571027777779,0.001457508204141677,0.0,0.020187846554260494,0.9996333597374675,0.6107004639583569,1.0,1.0,0.0,0.5332839573547469,0.8611885317792893,0.0,0.030798498221115765,0.17679541717214267
1-7 days,69942,191967,1.180818147777778,0.030882731406022133,0.0,0.12822052557833633,0.99929941951903,0.6559006033570672,1.0,2.0,0.00038603414257527667,0.3387821865216417,0.36434387160293175,0.0,0.027879673157759285,0.12767871809055523
7-30 days,11092,124932,1.0173927483333334,0.16390191128741435,0.0,0.5787053732419762,0.99639379733141,0.6332491886043996,1.0,3.0,0.020375045077533356,0.11575096852687862,0.0887842986584702,0.0,0.032110699152542374,0.1288599797962052
30-180 days,7145,252134,0.51852598,0.06284114765570328,0.0,0.6030790762771169,1.0,0.6327501749475157,1.0,9.0,0.11672498250524843,0.09157432159090008,0.028338105927800297,1.1898434959188369e-05,0.02236840433869839,0.10046312077583076
> 180 days,838,135649,0.5016516995833333,0.002386634844868735,0.0,0.6933174224343676,1.0,0.7028639618138425,2.0,31.0,0.3317422434367542,0.062492167284683264,0.006177708645106119,0.0,0.02703257428400955,0.12826969220427117
> 180 days: Elections,392,71833,0.50081862,0.0,0.0,0.9795918367346939,1.0,0.923469387755102,10.0,39.0,0.5408163265306123,0.0930491556805368,0.005457101889103894,0.0,0.0019241530612244908,0.1096364720223681
> 180 days: Economics,271,31256,1.094184266111111,0.007380073800738007,0.0,0.16974169741697417,1.0,0.33579335793357934,0.0,10.0,0.12177121771217712,0.029946250319938573,0.00867033529562324,0.0,0.07691064206642066,0.1452177193722769
> 180 days: Entertainment,112,15708,0.5022099719444444,0.0,0.0,0.9017857142857143,1.0,0.8125,2.0,9.0,0.17857142857142858,0.03170359052711994,0.0071301247771836,0.0,0.007087276785714284,0.12547891927417285
> 180 days: Politics,28,6059,0.5011055402777778,0.0,0.0,0.9642857142857143,1.0,0.75,2.0,23.6,0.32142857142857145,0.041921109093909885,0.004621224624525499,0.0,0.0011894285714285726,0.15105516253523463
