sample,check,spec,n,markets,events,term,coef,se,t,first_stage_t
all,base,(1) month FE,651275,114154,8930,log_cum_vol,-0.004894435661929113,0.0005228064527395876,-9.36185013838583,
all,base,(3) month + contract FE,651275,114154,8930,log_cum_vol,-0.008851003999387045,0.0005270051360480999,-16.794910322428457,
all,hz_bins,(1) month FE,651275,114154,8930,log_cum_vol,-0.004410796114711725,0.0005710431207526342,-7.724103407284376,
all,hz_bins,(3) month + contract FE,651275,114154,8930,log_cum_vol,-0.007185586115019172,0.0005493225924850768,-13.080813011007516,
all,two_sided,(1) month FE,608841,108329,8764,log_cum_vol,-0.003824987964241402,0.0005700820891600688,-6.7095389189949,
all,two_sided,(3) month + contract FE,608841,108329,8764,log_cum_vol,-0.007583015507726408,0.0006047291816324644,-12.539523042787653,
all,two_sided+hz,(1) month FE,608841,108329,8764,log_cum_vol,-0.0027066287197956332,0.0006317408672735157,-4.284397068495782,
all,two_sided+hz,(3) month + contract FE,608841,108329,8764,log_cum_vol,-0.006564580831074709,0.0006148487428528082,-10.676741080442019,
all,single_mkt,(1) month FE,17515,581,581,log_cum_vol,-0.00456749723045009,0.0036839709045932926,-1.2398298870263031,
all,single_mkt,(3) month + contract FE,17515,581,581,log_cum_vol,-0.009497243574689411,0.002334358465935826,-4.0684597988175915,
all,w_event,(1) month FE,651275,114154,8930,log_cum_vol,-0.00869705602373909,0.000266182945529958,-32.67322782991845,
all,w_event,(3) month + contract FE,651275,114154,8930,log_cum_vol,-0.016685647826837003,0.00025762856532970957,-64.76629563760888,
all,w_market,(1) month FE,651275,114154,8930,log_cum_vol,-0.010532627994866945,0.0003280878688172549,-32.103070536672675,
all,w_market,(3) month + contract FE,651275,114154,8930,log_cum_vol,-0.013097020483065618,0.0002483602119545234,-52.73397208029352,
all,vol7,(1) month FE,651275,114154,8930,log_vol7,-0.0026609954486515176,0.00048773171217620574,-5.455858994237725,
all,vol7,(3) month + contract FE,651275,114154,8930,log_vol7,-0.006042272515371341,0.00033750705289602905,-17.902655554972053,
all,oi,(1) month FE,651275,114154,8930,log_oi,-0.005451021801225751,0.0005575027568793385,-9.777569229860378,
all,oi,(3) month + contract FE,651275,114154,8930,log_oi,-0.0090998851235336,0.0005188138352323657,-17.539788852118708,
all,all_fixes,(1) month FE,608841,108329,8764,log_cum_vol,-0.0056367519947972235,0.00033938635792066897,-16.60865813620831,
all,all_fixes,(3) month + contract FE,608841,108329,8764,log_cum_vol,-0.009723653440787811,0.0003637853599062461,-26.729094989676792,
all,rw_reduced,(1) month FE,626055,114154,8930,reward_active,-0.02335629226513193,0.0031470617976881183,-7.421618565701453,
all,rw_reduced,(3) month + contract FE,626055,114154,8930,reward_active,0.003185544059313632,0.0023809314076675622,1.3379402905328945,
all,rw_first,(1) month FE,626055,114154,8930,log_cum_reward,0.6788676070192389,0.020612678738355216,32.93446793773728,
all,rw_first,(3) month + contract FE,626055,114154,8930,log_cum_reward,0.6408238113508663,0.025751658063787437,24.88475925563827,
all,rw_iv,(1) month FE,626055,114154,8930,log_cum_vol,-0.009031231695330101,0.0015240157210105445,-5.925943919621559,32.93631212780381
all,rw_iv,(3) month + contract FE,626055,114154,8930,log_cum_vol,-0.012013671537628072,0.001545663764306727,-7.7724999544234885,24.88615269625606
all,rw_reduced_cum,(1) month FE,626055,114154,8930,log_cum_reward,-0.006131010649445065,0.0010204956767967414,-6.00787518149008,
all,rw_reduced_cum,(3) month + contract FE,626055,114154,8930,log_cum_reward,-0.007698646783060242,0.000982639979577264,-7.834656581317029,
all,rw_reduced_cum_hz,(1) month FE,626055,114154,8930,log_cum_reward,-0.005129265703575137,0.0011089568574427933,-4.625306808961895,
all,rw_reduced_cum_hz,(3) month + contract FE,626055,114154,8930,log_cum_reward,-0.005775702238368799,0.0009896383691916936,-5.83617452412058,
all,rw_iv_hz,(1) month FE,626055,114154,8930,log_cum_vol,-0.008792774725309677,0.0019182276881358864,-4.58380138066634,25.561363567149222
all,rw_iv_hz,(3) month + contract FE,626055,114154,8930,log_cum_vol,-0.010609171502151854,0.001843990303271416,-5.753377055904342,23.66198349199667
all,rw_placebo_hz,(1) month FE,626055,114154,8930,log_future_reward,0.00658654145649406,0.002098294825750375,3.1389971398030947,
all,rw_placebo_hz,(3) month + contract FE,626055,114154,8930,log_future_reward,0.005085626467835288,0.0015715346101355008,3.2360893836100724,
duration > 180 days,base,(1) month FE,134811,832,166,log_cum_vol,0.004314715008342788,0.0030887261229550302,1.3969237920696043,
duration > 180 days,base,(3) month + contract FE,134811,832,166,log_cum_vol,-0.001681493316938417,0.0026330930082482462,-0.6386000462843836,
duration > 180 days,hz_bins,(1) month FE,134811,832,166,log_cum_vol,0.004056425201313943,0.0030582812322727834,1.3263741602662817,
duration > 180 days,hz_bins,(3) month + contract FE,134811,832,166,log_cum_vol,-0.001900674369478011,0.002587934378972944,-0.7344368485233073,
duration > 180 days,two_sided,(1) month FE,131158,822,166,log_cum_vol,0.0044185813162207635,0.003127985121015583,1.4125966541638004,
duration > 180 days,two_sided,(3) month + contract FE,131158,822,166,log_cum_vol,-0.0019377830841753342,0.0027911405893601407,-0.6942620846696813,
duration > 180 days,two_sided+hz,(1) month FE,131158,822,166,log_cum_vol,0.004153072899847325,0.003097661272082099,1.3407124068978107,
duration > 180 days,two_sided+hz,(3) month + contract FE,131158,822,166,log_cum_vol,-0.002153548906862984,0.002741974297972849,-0.7854008363444945,
duration > 180 days,single_mkt,(1) month FE,7308,32,32,log_cum_vol,-0.0032093254528921373,0.010265971454192684,-0.31261780409309725,
duration > 180 days,single_mkt,(3) month + contract FE,7308,32,32,log_cum_vol,-0.011130308164460612,0.009421084166420825,-1.1814254036846314,
duration > 180 days,w_event,(1) month FE,134811,832,166,log_cum_vol,0.00675142314975236,0.0031064897902693023,2.1733286138265653,
duration > 180 days,w_event,(3) month + contract FE,134811,832,166,log_cum_vol,-0.0044928434602574,0.002344605611855822,-1.9162469958865218,
duration > 180 days,w_market,(1) month FE,134811,832,166,log_cum_vol,0.006092061992683581,0.0021441043244632627,2.8413085702854586,
duration > 180 days,w_market,(3) month + contract FE,134811,832,166,log_cum_vol,-0.002150455074378939,0.0016140191309702476,-1.3323603376908053,
duration > 180 days,vol7,(1) month FE,134811,832,166,log_vol7,0.0056621784719877175,0.0022133234919906337,2.5582245399181254,
duration > 180 days,vol7,(3) month + contract FE,134811,832,166,log_vol7,-0.0024192212151080647,0.0009621050210794276,-2.5145084602030607,
duration > 180 days,oi,(1) month FE,134811,832,166,log_oi,0.0037197493433341116,0.00321169080267791,1.1581903650975935,
duration > 180 days,oi,(3) month + contract FE,134811,832,166,log_oi,-0.0016340806004247754,0.002374064122273555,-0.6883051662732158,
duration > 180 days,all_fixes,(1) month FE,131158,822,166,log_cum_vol,0.006580405760170926,0.003174627666141108,2.0728118230537826,
duration > 180 days,all_fixes,(3) month + contract FE,131158,822,166,log_cum_vol,-0.005348042010143901,0.0024241434724621906,-2.2061573792544222,
duration > 180 days,rw_reduced,(1) month FE,109591,832,166,reward_active,0.020125847671080874,0.018116404834809273,1.110918410942695,
duration > 180 days,rw_reduced,(3) month + contract FE,109591,832,166,reward_active,0.0007860377003735879,0.006433921599596038,0.12217085461889063,
duration > 180 days,rw_first,(1) month FE,109591,832,166,log_cum_reward,0.44160926405019424,0.04976363704366373,8.874135619603454,
duration > 180 days,rw_first,(3) month + contract FE,109591,832,166,log_cum_reward,0.11637014547898725,0.03843479619353013,3.027728959275092,
duration > 180 days,rw_iv,(1) month FE,109591,832,166,log_cum_vol,0.01311432282928919,0.009393541500082172,1.3960999511392451,8.900986318240735
duration > 180 days,rw_iv,(3) month + contract FE,109591,832,166,log_cum_vol,-0.04690097980385856,0.03064419542728355,-1.530501262960262,3.036890036063362
duration > 180 days,rw_reduced_cum,(1) month FE,109591,832,166,log_cum_reward,0.005791406453158977,0.004029979155350966,1.4370809946917977,
duration > 180 days,rw_reduced_cum,(3) month + contract FE,109591,832,166,log_cum_reward,-0.005457873842882186,0.002881206721413227,-1.8943013711300478,
duration > 180 days,rw_reduced_cum_hz,(1) month FE,109591,832,166,log_cum_reward,0.005951912162062719,0.004057090877274388,1.4670393989452117,
duration > 180 days,rw_reduced_cum_hz,(3) month + contract FE,109591,832,166,log_cum_reward,-0.005435179250002233,0.002860341475174869,-1.9001854488964294,
duration > 180 days,rw_iv_hz,(1) month FE,109591,832,166,log_cum_vol,0.013629387533251535,0.009581974127421608,1.422398699057961,8.815381523600793
duration > 180 days,rw_iv_hz,(3) month + contract FE,109591,832,166,log_cum_vol,-0.045577203142655204,0.029252744386932303,-1.5580487950052069,3.1503189292065223
duration > 180 days,rw_placebo_hz,(1) month FE,109591,832,166,log_future_reward,0.009478044189592121,0.003889859878378406,2.436602984666713,
duration > 180 days,rw_placebo_hz,(3) month + contract FE,109591,832,166,log_future_reward,0.009678783637196972,0.003799674301633792,2.547266652048379,
