sample,outcome,n,stacks,control_markets,series,mean_treated_pre,mean_control_pre,term,coef,se,t,clusters,note
all,spread,356636.0,1191,1758.0,303.0,9.232844544708776,9.663279599193032,post,-4.029595379358357,1.0098836946707934,-3.9901578772117348,303.0,
all,spread,356636.0,1191,1758.0,303.0,9.232844544708776,9.663279599193032,post_ex_w-1,-3.688482890560593,0.896587171248923,-4.113914417738802,303.0,
all,spread,356636.0,1191,1758.0,303.0,9.232844544708776,9.663279599193032,w-4,-1.9606670669643045,0.7476566102162415,-2.622416548149329,303.0,
all,spread,356636.0,1191,1758.0,303.0,9.232844544708776,9.663279599193032,w-3,-1.4993085940786846,0.6846610199507926,-2.189855345038398,303.0,
all,spread,356636.0,1191,1758.0,303.0,9.232844544708776,9.663279599193032,w-2,-0.2519270278746202,0.4140194701831598,-0.6084907740284995,303.0,
all,spread,356636.0,1191,1758.0,303.0,9.232844544708776,9.663279599193032,w0,-7.961607086117837,2.216935484263657,-3.5912669279874154,303.0,
all,spread,356636.0,1191,1758.0,303.0,9.232844544708776,9.663279599193032,w1,-6.11136243134217,1.749548601786513,-3.493108122347494,303.0,
all,spread,356636.0,1191,1758.0,303.0,9.232844544708776,9.663279599193032,w2,-4.9690522996844635,1.265959203398087,-3.9251283029868067,303.0,
all,spread,356636.0,1191,1758.0,303.0,9.232844544708776,9.663279599193032,w3,-3.960118744388287,1.1180626997975869,-3.5419469275785906,303.0,
all,spread,356636.0,1191,1758.0,303.0,9.232844544708776,9.663279599193032,w4,-3.691529437609093,1.0708275524553121,-3.447361276000739,303.0,
all,spread,356636.0,1191,1758.0,303.0,9.232844544708776,9.663279599193032,w5,-3.5774561553974835,0.8752435539089749,-4.087383608162555,303.0,
all,spread,356636.0,1191,1758.0,303.0,9.232844544708776,9.663279599193032,w6,-3.1838955004158613,0.7790239672009027,-4.087031509256205,303.0,
all,spread,356636.0,1191,1758.0,303.0,9.232844544708776,9.663279599193032,w7,-2.988227098498477,0.7464580015888451,-4.003208609376547,303.0,
all,two_sided,440577.0,1234,1865.0,308.0,0.9077414845532008,0.7225897347901569,post,0.05508870454799918,0.021763629472151862,2.5312278275316697,308.0,
all,two_sided,440577.0,1234,1865.0,308.0,0.9077414845532008,0.7225897347901569,post_ex_w-1,0.07569044003670519,0.030792059223504364,2.4581155643831947,308.0,
all,two_sided,440577.0,1234,1865.0,308.0,0.9077414845532008,0.7225897347901569,w-4,-0.08877831170454249,0.041982040955608355,-2.1146735528750575,308.0,
all,two_sided,440577.0,1234,1865.0,308.0,0.9077414845532008,0.7225897347901569,w-3,-0.0818139318744919,0.038751265900884097,-2.111258302728772,308.0,
all,two_sided,440577.0,1234,1865.0,308.0,0.9077414845532008,0.7225897347901569,w-2,-0.06391733552597786,0.029885142220276467,-2.1387663158789065,308.0,
all,two_sided,440577.0,1234,1865.0,308.0,0.9077414845532008,0.7225897347901569,w0,0.03524074739048384,0.02144469558429188,1.6433316692216184,308.0,
all,two_sided,440577.0,1234,1865.0,308.0,0.9077414845532008,0.7225897347901569,w1,0.03675136854646027,0.016552683989005383,2.220266427539561,308.0,
all,two_sided,440577.0,1234,1865.0,308.0,0.9077414845532008,0.7225897347901569,w2,0.010370900367094992,0.011757926796122383,0.8820347793384107,308.0,
all,two_sided,440577.0,1234,1865.0,308.0,0.9077414845532008,0.7225897347901569,w3,-0.015477896219782928,0.01634941677099735,-0.9466940892496889,308.0,
all,two_sided,440577.0,1234,1865.0,308.0,0.9077414845532008,0.7225897347901569,w4,-0.023357929176661834,0.01610653480022634,-1.4502144295080526,308.0,
all,two_sided,440577.0,1234,1865.0,308.0,0.9077414845532008,0.7225897347901569,w5,-0.03835085007375823,0.020901357921849092,-1.8348496885778138,308.0,
all,two_sided,440577.0,1234,1865.0,308.0,0.9077414845532008,0.7225897347901569,w6,-0.029344030633353693,0.018040332374146442,-1.626579268318058,308.0,
all,two_sided,440577.0,1234,1865.0,308.0,0.9077414845532008,0.7225897347901569,w7,-0.04238172521848487,0.01755228828497253,-2.4145982865818225,308.0,
all,traded,664448.0,1236,1865.0,308.0,0.25883775098033435,0.17405056780776826,post,0.06769200069599893,0.0057418303522782,11.789272155897223,308.0,
all,traded,664448.0,1236,1865.0,308.0,0.25883775098033435,0.17405056780776826,post_ex_w-1,0.07294217995047636,0.00597230477809563,12.21340548761063,308.0,
all,traded,664448.0,1236,1865.0,308.0,0.25883775098033435,0.17405056780776826,w-4,-0.02911775412307866,0.013099453026196674,-2.2228221334774907,308.0,
all,traded,664448.0,1236,1865.0,308.0,0.25883775098033435,0.17405056780776826,w-3,-0.021536497212238843,0.01152059064324323,-1.8693917594294431,308.0,
all,traded,664448.0,1236,1865.0,308.0,0.25883775098033435,0.17405056780776826,w-2,-0.013095136987176913,0.010953494006480796,-1.1955214454336656,308.0,
all,traded,664448.0,1236,1865.0,308.0,0.25883775098033435,0.17405056780776826,w0,0.1551872361842087,0.021014657887213458,7.384713899084394,308.0,
all,traded,664448.0,1236,1865.0,308.0,0.25883775098033435,0.17405056780776826,w1,0.07789934394932216,0.019210977587243116,4.054939088630792,308.0,
all,traded,664448.0,1236,1865.0,308.0,0.25883775098033435,0.17405056780776826,w2,0.03288510203558629,0.009892488227881637,3.324249802279346,308.0,
all,traded,664448.0,1236,1865.0,308.0,0.25883775098033435,0.17405056780776826,w3,0.031351847176446006,0.013232280842130763,2.369345659338159,308.0,
all,traded,664448.0,1236,1865.0,308.0,0.25883775098033435,0.17405056780776826,w4,0.03746177341045251,0.013060973645337516,2.86822211174322,308.0,
all,traded,664448.0,1236,1865.0,308.0,0.25883775098033435,0.17405056780776826,w5,0.010003293831817403,0.009324018880339555,1.0728521638786204,308.0,
all,traded,664448.0,1236,1865.0,308.0,0.25883775098033435,0.17405056780776826,w6,0.013616931178040269,0.012501288795291672,1.0892421894268036,308.0,
all,traded,664448.0,1236,1865.0,308.0,0.25883775098033435,0.17405056780776826,w7,0.02863847181835432,0.01422828428526111,2.0127846228108144,308.0,
all,log_volume,664448.0,1236,1865.0,308.0,1.1636707846666146,0.7490827491138985,post,0.42057753338491033,0.043077820247408485,9.763203685084596,308.0,
all,log_volume,664448.0,1236,1865.0,308.0,1.1636707846666146,0.7490827491138985,post_ex_w-1,0.4685451155410439,0.04854070076916335,9.65262363576544,308.0,
all,log_volume,664448.0,1236,1865.0,308.0,1.1636707846666146,0.7490827491138985,w-4,-0.2291056969660136,0.05576886782380911,-4.108128888142906,308.0,
all,log_volume,664448.0,1236,1865.0,308.0,1.1636707846666146,0.7490827491138985,w-3,-0.20338879851670003,0.05347888033935312,-3.803161121289104,308.0,
all,log_volume,664448.0,1236,1865.0,308.0,1.1636707846666146,0.7490827491138985,w-2,-0.14179511244222864,0.042525115303618834,-3.334385137579205,308.0,
all,log_volume,664448.0,1236,1865.0,308.0,1.1636707846666146,0.7490827491138985,w0,0.9064642350316373,0.11586383394175424,7.823530468423173,308.0,
all,log_volume,664448.0,1236,1865.0,308.0,1.1636707846666146,0.7490827491138985,w1,0.4082307254474419,0.07179395144226296,5.686143710528915,308.0,
all,log_volume,664448.0,1236,1865.0,308.0,1.1636707846666146,0.7490827491138985,w2,0.17610187109745049,0.05219453404983681,3.373952355419122,308.0,
all,log_volume,664448.0,1236,1865.0,308.0,1.1636707846666146,0.7490827491138985,w3,0.17608349693580974,0.06234002122682718,2.82456588032143,308.0,
all,log_volume,664448.0,1236,1865.0,308.0,1.1636707846666146,0.7490827491138985,w4,0.17330394210438804,0.06255302425301322,2.7705126038896495,308.0,
all,log_volume,664448.0,1236,1865.0,308.0,1.1636707846666146,0.7490827491138985,w5,0.03196029112481031,0.05587215019328601,0.5720254368991671,308.0,
all,log_volume,664448.0,1236,1865.0,308.0,1.1636707846666146,0.7490827491138985,w6,0.08168830255605491,0.06145733032262934,1.3291872934802098,308.0,
all,log_volume,664448.0,1236,1865.0,308.0,1.1636707846666146,0.7490827491138985,w7,0.10292902982151515,0.07209543243078198,1.4276775428226491,308.0,
all,brier,98223.0,251,458.0,86.0,0.12538041121673002,0.033348706366833236,post,-0.020115525382584255,0.006295056574843989,-3.195447911138556,86.0,
all,brier,98223.0,251,458.0,86.0,0.12538041121673002,0.033348706366833236,post_ex_w-1,-0.02028519064175459,0.006877863895671548,-2.9493445856817093,86.0,
all,brier,98223.0,251,458.0,86.0,0.12538041121673002,0.033348706366833236,w-4,0.003947154359134904,0.006211462728647618,0.635462938694038,86.0,
all,brier,98223.0,251,458.0,86.0,0.12538041121673002,0.033348706366833236,w-3,-0.0017424064205781573,0.005755419256915304,-0.30274187557832655,86.0,
all,brier,98223.0,251,458.0,86.0,0.12538041121673002,0.033348706366833236,w-2,-0.001014101104743213,0.0035488064737034205,-0.2857583562974426,86.0,
all,brier,98223.0,251,458.0,86.0,0.12538041121673002,0.033348706366833236,w0,-0.014069216991610423,0.008124176249176296,-1.7317715125932787,86.0,
all,brier,98223.0,251,458.0,86.0,0.12538041121673002,0.033348706366833236,w1,-0.012181050187433679,0.00527468507237788,-2.309341699132445,86.0,
all,brier,98223.0,251,458.0,86.0,0.12538041121673002,0.033348706366833236,w2,-0.017681620260242035,0.006567348893055839,-2.6923528120971563,86.0,
all,brier,98223.0,251,458.0,86.0,0.12538041121673002,0.033348706366833236,w3,-0.021620057497601968,0.007758409667197581,-2.7866609814394296,86.0,
all,brier,98223.0,251,458.0,86.0,0.12538041121673002,0.033348706366833236,w4,-0.024122235355733157,0.009195517335852702,-2.6232602772311884,86.0,
all,brier,98223.0,251,458.0,86.0,0.12538041121673002,0.033348706366833236,w5,-0.03076549833098282,0.008458166105240049,-3.637372209080029,86.0,
all,brier,98223.0,251,458.0,86.0,0.12538041121673002,0.033348706366833236,w6,-0.03183275855772257,0.008770602646556835,-3.6294836102533368,86.0,
all,brier,98223.0,251,458.0,86.0,0.12538041121673002,0.033348706366833236,w7,-0.03247129955591303,0.008512380305655862,-3.814596903563883,86.0,
all,info_gain,97757.0,251,458.0,86.0,0.0007420653787299157,0.000440642363715929,post,0.0006808441070515175,0.0007665509625293134,0.8881915754237691,86.0,
all,info_gain,97757.0,251,458.0,86.0,0.0007420653787299157,0.000440642363715929,post_ex_w-1,0.0002557992679292159,0.0005544456811684126,0.4613603759887833,86.0,
all,info_gain,97757.0,251,458.0,86.0,0.0007420653787299157,0.000440642363715929,w-4,0.001463463623658987,0.0009539236783961365,1.534151690331827,86.0,
all,info_gain,97757.0,251,458.0,86.0,0.0007420653787299157,0.000440642363715929,w-3,0.0008992384086863565,0.0013669296905953075,0.6578527153761156,86.0,
all,info_gain,97757.0,251,458.0,86.0,0.0007420653787299157,0.000440642363715929,w-2,0.0020267227534987594,0.001799072189035735,1.1265377597688508,86.0,
all,info_gain,97757.0,251,458.0,86.0,0.0007420653787299157,0.000440642363715929,w0,0.002215267001986243,0.0021538691544948224,1.028505839067936,86.0,
all,info_gain,97757.0,251,458.0,86.0,0.0007420653787299157,0.000440642363715929,w1,0.0016164524536576674,0.0016567535349741491,0.9756746670728482,86.0,
all,info_gain,97757.0,251,458.0,86.0,0.0007420653787299157,0.000440642363715929,w2,0.0007799755470643968,0.001476606707676699,0.5282215927974583,86.0,
all,info_gain,97757.0,251,458.0,86.0,0.0007420653787299157,0.000440642363715929,w3,0.0031201898487783213,0.0018592457179528912,1.6782019819380212,86.0,
all,info_gain,97757.0,251,458.0,86.0,0.0007420653787299157,0.000440642363715929,w4,0.002834476460924446,0.0014844483353709686,1.909447700795933,86.0,
all,info_gain,97757.0,251,458.0,86.0,0.0007420653787299157,0.000440642363715929,w5,0.001345253856952843,0.0014220449207439654,0.9459995513004273,86.0,
all,info_gain,97757.0,251,458.0,86.0,0.0007420653787299157,0.000440642363715929,w6,0.0010972967059642161,0.0014178536376586244,0.7739139476880275,86.0,
all,info_gain,97757.0,251,458.0,86.0,0.0007420653787299157,0.000440642363715929,w7,0.0006707080039153343,0.0015711871800523582,0.42687975845944953,86.0,
> 180 days left,spread,302561.0,923,1339.0,226.0,9.419127463021306,9.041230979539698,post,-4.013673764379485,1.153217549759979,-3.4804133575792853,226.0,
> 180 days left,spread,302561.0,923,1339.0,226.0,9.419127463021306,9.041230979539698,post_ex_w-1,-3.5516512102261855,1.0224957877927,-3.4735118253086092,226.0,
> 180 days left,spread,302561.0,923,1339.0,226.0,9.419127463021306,9.041230979539698,w-4,-2.486026251584225,0.792454217241761,-3.1371228740975843,226.0,
> 180 days left,spread,302561.0,923,1339.0,226.0,9.419127463021306,9.041230979539698,w-3,-2.001789840597914,0.720052142546071,-2.7800623348188065,226.0,
> 180 days left,spread,302561.0,923,1339.0,226.0,9.419127463021306,9.041230979539698,w-2,-0.5956363917837586,0.4124175764227015,-1.4442555939305302,226.0,
> 180 days left,spread,302561.0,923,1339.0,226.0,9.419127463021306,9.041230979539698,w0,-8.186069207961046,2.53463368408272,-3.2296853227229048,226.0,
> 180 days left,spread,302561.0,923,1339.0,226.0,9.419127463021306,9.041230979539698,w1,-6.851041963684064,1.945629262575444,-3.5212473904793598,226.0,
> 180 days left,spread,302561.0,923,1339.0,226.0,9.419127463021306,9.041230979539698,w2,-5.439340105248409,1.3996367074916851,-3.8862513937608503,226.0,
> 180 days left,spread,302561.0,923,1339.0,226.0,9.419127463021306,9.041230979539698,w3,-4.43259667816552,1.1991255063621336,-3.696524387687309,226.0,
> 180 days left,spread,302561.0,923,1339.0,226.0,9.419127463021306,9.041230979539698,w4,-4.1400300192090755,1.1558141715552084,-3.581916644644051,226.0,
> 180 days left,spread,302561.0,923,1339.0,226.0,9.419127463021306,9.041230979539698,w5,-3.9837262968211236,0.9547633220552041,-4.172475214324148,226.0,
> 180 days left,spread,302561.0,923,1339.0,226.0,9.419127463021306,9.041230979539698,w6,-3.480042258268189,0.8422771600621599,-4.13170678641145,226.0,
> 180 days left,spread,302561.0,923,1339.0,226.0,9.419127463021306,9.041230979539698,w7,-2.9131159614455373,0.8188733563350767,-3.5574682445199897,226.0,
> 180 days left,two_sided,360713.0,952,1393.0,228.0,0.9050320210521455,0.7460907445036247,post,0.04110077379209205,0.026304937029394154,1.5624737571568583,228.0,
> 180 days left,two_sided,360713.0,952,1393.0,228.0,0.9050320210521455,0.7460907445036247,post_ex_w-1,0.06104065036599111,0.03751056980782418,1.6272920053925408,228.0,
> 180 days left,two_sided,360713.0,952,1393.0,228.0,0.9050320210521455,0.7460907445036247,w-4,-0.08681440377081327,0.050248954563575976,-1.727685770277548,228.0,
> 180 days left,two_sided,360713.0,952,1393.0,228.0,0.9050320210521455,0.7460907445036247,w-3,-0.07589855763094307,0.04685777938503989,-1.619764287318637,228.0,
> 180 days left,two_sided,360713.0,952,1393.0,228.0,0.9050320210521455,0.7460907445036247,w-2,-0.06426374700009506,0.03755494055070183,-1.711192883219571,228.0,
> 180 days left,two_sided,360713.0,952,1393.0,228.0,0.9050320210521455,0.7460907445036247,w0,0.014488353600727736,0.02768343764382286,0.5233581821425487,228.0,
> 180 days left,two_sided,360713.0,952,1393.0,228.0,0.9050320210521455,0.7460907445036247,w1,0.033295125198025355,0.02071413674142824,1.6073624314468853,228.0,
> 180 days left,two_sided,360713.0,952,1393.0,228.0,0.9050320210521455,0.7460907445036247,w2,0.003864942565043384,0.01225706725881195,0.31532359931081955,228.0,
> 180 days left,two_sided,360713.0,952,1393.0,228.0,0.9050320210521455,0.7460907445036247,w3,-0.02584227371509231,0.01740664986537564,-1.4846207578688853,228.0,
> 180 days left,two_sided,360713.0,952,1393.0,228.0,0.9050320210521455,0.7460907445036247,w4,-0.02915092689059049,0.018172680355875135,-1.6041071718496465,228.0,
> 180 days left,two_sided,360713.0,952,1393.0,228.0,0.9050320210521455,0.7460907445036247,w5,-0.044037116385817913,0.024580660983100404,-1.791535077762723,228.0,
> 180 days left,two_sided,360713.0,952,1393.0,228.0,0.9050320210521455,0.7460907445036247,w6,-0.04519117480949581,0.019170593583678907,-2.35731745145178,228.0,
> 180 days left,two_sided,360713.0,952,1393.0,228.0,0.9050320210521455,0.7460907445036247,w7,-0.055803499719803085,0.019567885321044597,-2.851790002049343,228.0,
> 180 days left,traded,546488.0,953,1393.0,228.0,0.2149023171285779,0.17515108653722516,post,0.05869685978401539,0.005975373603807635,9.823128004349805,228.0,
> 180 days left,traded,546488.0,953,1393.0,228.0,0.2149023171285779,0.17515108653722516,post_ex_w-1,0.06219534550585191,0.005741282610044038,10.833005397965394,228.0,
> 180 days left,traded,546488.0,953,1393.0,228.0,0.2149023171285779,0.17515108653722516,w-4,-0.019961718063846355,0.014492403650265178,-1.3773918078441807,228.0,
> 180 days left,traded,546488.0,953,1393.0,228.0,0.2149023171285779,0.17515108653722516,w-3,-0.01394124958195483,0.012370785653781812,-1.1269494090452468,228.0,
> 180 days left,traded,546488.0,953,1393.0,228.0,0.2149023171285779,0.17515108653722516,w-2,-0.007697138695710095,0.013203171678613202,-0.5829764910334458,228.0,
> 180 days left,traded,546488.0,953,1393.0,228.0,0.2149023171285779,0.17515108653722516,w0,0.15754222771584753,0.025869872068452645,6.089795392067844,228.0,
> 180 days left,traded,546488.0,953,1393.0,228.0,0.2149023171285779,0.17515108653722516,w1,0.07756056283378154,0.023926291826570564,3.24164577595134,228.0,
> 180 days left,traded,546488.0,953,1393.0,228.0,0.2149023171285779,0.17515108653722516,w2,0.03429240861729631,0.010617123957261491,3.2299150650720536,228.0,
> 180 days left,traded,546488.0,953,1393.0,228.0,0.2149023171285779,0.17515108653722516,w3,0.03623704062953622,0.015417838770202625,2.350332051699097,228.0,
> 180 days left,traded,546488.0,953,1393.0,228.0,0.2149023171285779,0.17515108653722516,w4,0.036841683882049746,0.014384114687856081,2.5612757323989963,228.0,
> 180 days left,traded,546488.0,953,1393.0,228.0,0.2149023171285779,0.17515108653722516,w5,0.005198340647798354,0.008393731055136352,0.6193122717003601,228.0,
> 180 days left,traded,546488.0,953,1393.0,228.0,0.2149023171285779,0.17515108653722516,w6,0.011971232390430719,0.013766132541644828,0.8696147849961317,228.0,
> 180 days left,traded,546488.0,953,1393.0,228.0,0.2149023171285779,0.17515108653722516,w7,0.02036597332740713,0.013874313641246246,1.4678905100474418,228.0,
> 180 days left,log_volume,546488.0,953,1393.0,228.0,0.9368576042083389,0.7664973286603404,post,0.3180366589793211,0.027369281323246352,11.620204974443144,228.0,
> 180 days left,log_volume,546488.0,953,1393.0,228.0,0.9368576042083389,0.7664973286603404,post_ex_w-1,0.34865742042681086,0.029848873499628982,11.680756408818732,228.0,
> 180 days left,log_volume,546488.0,953,1393.0,228.0,0.9368576042083389,0.7664973286603404,w-4,-0.1497864174786165,0.04860951971647949,-3.081421465430284,228.0,
> 180 days left,log_volume,546488.0,953,1393.0,228.0,0.9368576042083389,0.7664973286603404,w-3,-0.1268448851416949,0.04544327691540957,-2.7912794532359633,228.0,
> 180 days left,log_volume,546488.0,953,1393.0,228.0,0.9368576042083389,0.7664973286603404,w-2,-0.08659232222738855,0.04141623056182604,-2.090782310527361,228.0,
> 180 days left,log_volume,546488.0,953,1393.0,228.0,0.9368576042083389,0.7664973286603404,w0,0.8830944063354882,0.14820152808267859,5.95874022191477,228.0,
> 180 days left,log_volume,546488.0,953,1393.0,228.0,0.9368576042083389,0.7664973286603404,w1,0.38884972332028267,0.08109565857111202,4.794951174597146,228.0,
> 180 days left,log_volume,546488.0,953,1393.0,228.0,0.9368576042083389,0.7664973286603404,w2,0.12650323727267332,0.041678004022707923,3.0352518130126636,228.0,
> 180 days left,log_volume,546488.0,953,1393.0,228.0,0.9368576042083389,0.7664973286603404,w3,0.1539142747080468,0.05787464124400931,2.6594423982538067,228.0,
> 180 days left,log_volume,546488.0,953,1393.0,228.0,0.9368576042083389,0.7664973286603404,w4,0.1505840437783149,0.056911289458226294,2.645943277894727,228.0,
> 180 days left,log_volume,546488.0,953,1393.0,228.0,0.9368576042083389,0.7664973286603404,w5,-0.00995952192059535,0.04673779280288146,-0.21309354428866675,228.0,
> 180 days left,log_volume,546488.0,953,1393.0,228.0,0.9368576042083389,0.7664973286603404,w6,0.05811254976701904,0.05238269464336135,1.109384504990979,228.0,
> 180 days left,log_volume,546488.0,953,1393.0,228.0,0.9368576042083389,0.7664973286603404,w7,0.03153966379878081,0.05381699796766953,0.5860539418740563,228.0,
> 180 days left,brier,,24,,,,,post,,,,,too few stacks
> 180 days left,info_gain,,24,,,,,post,,,,,too few stacks
long-dated program,spread,177745.0,472,1109.0,147.0,11.364456635318705,11.954204363018226,post,-5.512112682141833,2.229394852082266,-2.4724703553493415,147.0,
long-dated program,spread,177745.0,472,1109.0,147.0,11.364456635318705,11.954204363018226,post_ex_w-1,-5.07141867907366,2.069760800710412,-2.4502438529771062,147.0,
long-dated program,spread,177745.0,472,1109.0,147.0,11.364456635318705,11.954204363018226,w-4,-2.957726399815544,1.4339631661045065,-2.062623691967264,147.0,
long-dated program,spread,177745.0,472,1109.0,147.0,11.364456635318705,11.954204363018226,w-3,-1.7340159085105165,1.2122758527307345,-1.4303806387007765,147.0,
long-dated program,spread,177745.0,472,1109.0,147.0,11.364456635318705,11.954204363018226,w-2,-0.031826372192160335,0.5743307283062771,-0.05541471250548879,147.0,
long-dated program,spread,177745.0,472,1109.0,147.0,11.364456635318705,11.954204363018226,w0,-10.630963275505097,4.188212777555081,-2.538305439608312,147.0,
long-dated program,spread,177745.0,472,1109.0,147.0,11.364456635318705,11.954204363018226,w1,-8.577632674075609,3.4296198504020907,-2.5010447362176196,147.0,
long-dated program,spread,177745.0,472,1109.0,147.0,11.364456635318705,11.954204363018226,w2,-6.951524515381827,2.8369936013762063,-2.450313780055651,147.0,
long-dated program,spread,177745.0,472,1109.0,147.0,11.364456635318705,11.954204363018226,w3,-4.943934001499314,2.4438472621860416,-2.0230126808648934,147.0,
long-dated program,spread,177745.0,472,1109.0,147.0,11.364456635318705,11.954204363018226,w4,-4.81193874102012,2.1023113774372066,-2.288880131013726,147.0,
long-dated program,spread,177745.0,472,1109.0,147.0,11.364456635318705,11.954204363018226,w5,-4.905068108871565,1.9186670689338041,-2.5564977834311255,147.0,
long-dated program,spread,177745.0,472,1109.0,147.0,11.364456635318705,11.954204363018226,w6,-4.743464010038329,1.741300558387667,-2.724092625589274,147.0,
long-dated program,spread,177745.0,472,1109.0,147.0,11.364456635318705,11.954204363018226,w7,-3.6746010373672298,1.4424947130152064,-2.5473930713314807,147.0,
long-dated program,two_sided,206980.0,494,1154.0,148.0,0.9539189046339214,0.8747770865333993,post,0.020366626198623165,0.012352926484392972,1.6487288436756198,148.0,
long-dated program,two_sided,206980.0,494,1154.0,148.0,0.9539189046339214,0.8747770865333993,post_ex_w-1,0.02022427414203272,0.013910665056093676,1.4538682414162016,148.0,
long-dated program,two_sided,206980.0,494,1154.0,148.0,0.9539189046339214,0.8747770865333993,w-4,0.00663810004922045,0.01734195744279472,0.3827768619036985,148.0,
long-dated program,two_sided,206980.0,494,1154.0,148.0,0.9539189046339214,0.8747770865333993,w-3,-0.002372995644725202,0.011889537979899051,-0.1995868677771237,148.0,
long-dated program,two_sided,206980.0,494,1154.0,148.0,0.9539189046339214,0.8747770865333993,w-2,-0.0025911896320223496,0.0059381271935213175,-0.4363647910488375,148.0,
long-dated program,two_sided,206980.0,494,1154.0,148.0,0.9539189046339214,0.8747770865333993,w0,0.034657814429917014,0.016437911183060778,2.1084074517711104,148.0,
long-dated program,two_sided,206980.0,494,1154.0,148.0,0.9539189046339214,0.8747770865333993,w1,0.015892245237982577,0.01047182672372553,1.5176191945552593,148.0,
long-dated program,two_sided,206980.0,494,1154.0,148.0,0.9539189046339214,0.8747770865333993,w2,0.024346750624907522,0.013590792867550898,1.7914150309094423,148.0,
long-dated program,two_sided,206980.0,494,1154.0,148.0,0.9539189046339214,0.8747770865333993,w3,0.026482925029162413,0.018158640880541838,1.4584199997886729,148.0,
long-dated program,two_sided,206980.0,494,1154.0,148.0,0.9539189046339214,0.8747770865333993,w4,0.02724971116942365,0.01598545988201958,1.7046560668594892,148.0,
long-dated program,two_sided,206980.0,494,1154.0,148.0,0.9539189046339214,0.8747770865333993,w5,0.009069259350462107,0.012753530499102696,0.7111175490661348,148.0,
long-dated program,two_sided,206980.0,494,1154.0,148.0,0.9539189046339214,0.8747770865333993,w6,0.012124992913992575,0.010956658120201043,1.1066324038748134,148.0,
long-dated program,two_sided,206980.0,494,1154.0,148.0,0.9539189046339214,0.8747770865333993,w7,0.00817033533533132,0.011595116638084269,0.7046358902933135,148.0,
long-dated program,traded,319515.0,495,1154.0,148.0,0.3584237325658623,0.23198464736926275,post,0.07097661477257211,0.009070373736766264,7.825103665229613,148.0,
long-dated program,traded,319515.0,495,1154.0,148.0,0.3584237325658623,0.23198464736926275,post_ex_w-1,0.07842787602712807,0.010301908799371392,7.6129460621815666,148.0,
long-dated program,traded,319515.0,495,1154.0,148.0,0.3584237325658623,0.23198464736926275,w-4,-0.031161823050516,0.013799788395842444,-2.2581377450616804,148.0,
long-dated program,traded,319515.0,495,1154.0,148.0,0.3584237325658623,0.23198464736926275,w-3,-0.03481089580192544,0.013730880599211213,-2.5352267504187016,148.0,
long-dated program,traded,319515.0,495,1154.0,148.0,0.3584237325658623,0.23198464736926275,w-2,-0.02280142743195538,0.011557891419022939,-1.9728016647073614,148.0,
long-dated program,traded,319515.0,495,1154.0,148.0,0.3584237325658623,0.23198464736926275,w0,0.16544217581786075,0.03554883884057524,4.653940359622267,148.0,
long-dated program,traded,319515.0,495,1154.0,148.0,0.3584237325658623,0.23198464736926275,w1,0.06182691847074501,0.012626369645739917,4.896650439154943,148.0,
long-dated program,traded,319515.0,495,1154.0,148.0,0.3584237325658623,0.23198464736926275,w2,0.038808999733048896,0.013338028012887864,2.909650489228971,148.0,
long-dated program,traded,319515.0,495,1154.0,148.0,0.3584237325658623,0.23198464736926275,w3,0.02355246772564782,0.012299528262873395,1.9149082161745878,148.0,
long-dated program,traded,319515.0,495,1154.0,148.0,0.3584237325658623,0.23198464736926275,w4,0.031569645903855185,0.014325560648978237,2.2037284736989946,148.0,
long-dated program,traded,319515.0,495,1154.0,148.0,0.3584237325658623,0.23198464736926275,w5,0.014108081202963058,0.014829477498937413,0.9513538965869804,148.0,
long-dated program,traded,319515.0,495,1154.0,148.0,0.3584237325658623,0.23198464736926275,w6,0.016337815546334233,0.01573093615226582,1.0385787208208204,148.0,
long-dated program,traded,319515.0,495,1154.0,148.0,0.3584237325658623,0.23198464736926275,w7,0.0274707493284753,0.019663338802582742,1.3970541627888275,148.0,
long-dated program,log_volume,319515.0,495,1154.0,148.0,1.7191103612207101,1.0827910183089866,post,0.4644026112328561,0.06767726034776893,6.862018480749062,148.0,
long-dated program,log_volume,319515.0,495,1154.0,148.0,1.7191103612207101,1.0827910183089866,post_ex_w-1,0.5228727157162074,0.07174736560105414,7.287692186826789,148.0,
long-dated program,log_volume,319515.0,495,1154.0,148.0,1.7191103612207101,1.0827910183089866,w-4,-0.22419423560145338,0.07190222581935836,-3.118043051472451,148.0,
long-dated program,log_volume,319515.0,495,1154.0,148.0,1.7191103612207101,1.0827910183089866,w-3,-0.2795542128305218,0.07080302808230805,-3.948336962446604,148.0,
long-dated program,log_volume,319515.0,495,1154.0,148.0,1.7191103612207101,1.0827910183089866,w-2,-0.18970726051118586,0.05240885003833086,-3.6197562124037734,148.0,
long-dated program,log_volume,319515.0,495,1154.0,148.0,1.7191103612207101,1.0827910183089866,w0,1.1001669407415626,0.22170927401561882,4.962205327793635,148.0,
long-dated program,log_volume,319515.0,495,1154.0,148.0,1.7191103612207101,1.0827910183089866,w1,0.3512978659183616,0.07061969860933365,4.974502480699222,148.0,
long-dated program,log_volume,319515.0,495,1154.0,148.0,1.7191103612207101,1.0827910183089866,w2,0.19275395355603278,0.0898592771303265,2.1450645911214488,148.0,
long-dated program,log_volume,319515.0,495,1154.0,148.0,1.7191103612207101,1.0827910183089866,w3,0.15889012970083283,0.09184721239055431,1.7299395982231607,148.0,
long-dated program,log_volume,319515.0,495,1154.0,148.0,1.7191103612207101,1.0827910183089866,w4,0.15401726981131927,0.08940807498985442,1.7226326573835347,148.0,
long-dated program,log_volume,319515.0,495,1154.0,148.0,1.7191103612207101,1.0827910183089866,w5,0.0670633163612897,0.09049702739546026,0.7410554610620714,148.0,
long-dated program,log_volume,319515.0,495,1154.0,148.0,1.7191103612207101,1.0827910183089866,w6,0.11098323532105316,0.10089517155421983,1.0999855950630117,148.0,
long-dated program,log_volume,319515.0,495,1154.0,148.0,1.7191103612207101,1.0827910183089866,w7,0.12004405996572606,0.12251407949020264,0.9798388925194993,148.0,
long-dated program,brier,42718.0,85,191.0,34.0,0.1190700890736342,0.031131548943661977,post,-0.027090566676771656,0.01288093277087573,-2.1031525556925845,34.0,
long-dated program,brier,42718.0,85,191.0,34.0,0.1190700890736342,0.031131548943661977,post_ex_w-1,-0.025252852487452716,0.013929615905353514,-1.8128893617050408,34.0,
long-dated program,brier,42718.0,85,191.0,34.0,0.1190700890736342,0.031131548943661977,w-4,-0.005827675211271897,0.010255945461495171,-0.5682240835963167,34.0,
long-dated program,brier,42718.0,85,191.0,34.0,0.1190700890736342,0.031131548943661977,w-3,-0.009293452900995694,0.010733748706653631,-0.8658161426151958,34.0,
long-dated program,brier,42718.0,85,191.0,34.0,0.1190700890736342,0.031131548943661977,w-2,-0.00644364555583754,0.007605347393552131,-0.847251969226351,34.0,
long-dated program,brier,42718.0,85,191.0,34.0,0.1190700890736342,0.031131548943661977,w0,-0.015266769697264397,0.010913297375508363,-1.3989144776285583,34.0,
long-dated program,brier,42718.0,85,191.0,34.0,0.1190700890736342,0.031131548943661977,w1,-0.02307104954058781,0.011854156450039009,-1.9462413574364366,34.0,
long-dated program,brier,42718.0,85,191.0,34.0,0.1190700890736342,0.031131548943661977,w2,-0.030590550329762038,0.014075461572417451,-2.173324844260019,34.0,
long-dated program,brier,42718.0,85,191.0,34.0,0.1190700890736342,0.031131548943661977,w3,-0.041386530422363184,0.013253577102252145,-3.12266870317829,34.0,
long-dated program,brier,42718.0,85,191.0,34.0,0.1190700890736342,0.031131548943661977,w4,-0.04457521818529299,0.014621230554841632,-3.0486639286686086,34.0,
long-dated program,brier,42718.0,85,191.0,34.0,0.1190700890736342,0.031131548943661977,w5,-0.03948203795019693,0.01705491501279844,-2.314994705078777,34.0,
long-dated program,brier,42718.0,85,191.0,34.0,0.1190700890736342,0.031131548943661977,w6,-0.04332651279651278,0.016833262383890057,-2.5738630937029514,34.0,
long-dated program,brier,42718.0,85,191.0,34.0,0.1190700890736342,0.031131548943661977,w7,-0.0456634697918818,0.016732298538420665,-2.7290613831106016,34.0,
long-dated program,info_gain,42458.0,85,191.0,34.0,0.0006785885741718676,0.0008431622019317839,post,0.0018517048828569664,0.0012027824674839573,1.5395176874588625,34.0,
long-dated program,info_gain,42458.0,85,191.0,34.0,0.0006785885741718676,0.0008431622019317839,post_ex_w-1,0.0008286289507923196,0.0011408149470603951,0.7263482591348374,34.0,
long-dated program,info_gain,42458.0,85,191.0,34.0,0.0006785885741718676,0.0008431622019317839,w-4,0.0025699183425931054,0.0018948335970806077,1.356276533492233,34.0,
long-dated program,info_gain,42458.0,85,191.0,34.0,0.0006785885741718676,0.0008431622019317839,w-3,0.0032720886532269186,0.0019379979304705532,1.688386040965711,34.0,
long-dated program,info_gain,42458.0,85,191.0,34.0,0.0006785885741718676,0.0008431622019317839,w-2,0.004052300479855022,0.002300039459325121,1.7618395473284838,34.0,
long-dated program,info_gain,42458.0,85,191.0,34.0,0.0006785885741718676,0.0008431622019317839,w0,0.005587279679674899,0.0026526059057684157,2.106336138181958,34.0,
long-dated program,info_gain,42458.0,85,191.0,34.0,0.0006785885741718676,0.0008431622019317839,w1,0.004190727950791174,0.0022519541604808097,1.860929509282916,34.0,
long-dated program,info_gain,42458.0,85,191.0,34.0,0.0006785885741718676,0.0008431622019317839,w2,0.0028751011499297506,0.001752154950110137,1.6408943454167837,34.0,
long-dated program,info_gain,42458.0,85,191.0,34.0,0.0006785885741718676,0.0008431622019317839,w3,0.006417855876163054,0.0033876694717445413,1.8944752224773758,34.0,
long-dated program,info_gain,42458.0,85,191.0,34.0,0.0006785885741718676,0.0008431622019317839,w4,0.0036166905247174445,0.0019063487155659543,1.8971820292824684,34.0,
long-dated program,info_gain,42458.0,85,191.0,34.0,0.0006785885741718676,0.0008431622019317839,w5,0.003219028152059609,0.0021047340504308106,1.5294227560012712,34.0,
long-dated program,info_gain,42458.0,85,191.0,34.0,0.0006785885741718676,0.0008431622019317839,w6,0.002785897706368451,0.0019337987509026543,1.4406347636061176,34.0,
long-dated program,info_gain,42458.0,85,191.0,34.0,0.0006785885741718676,0.0008431622019317839,w7,0.0034616808932387316,0.0015673696194478206,2.208592568266234,34.0,
