category,markets,share_liquidity_reward,share_long_dated,reward_usd,volume_contracts,reward_usd_per_1k_contracts,share_of_reward_usd
Commodities,232897,0.05993636672005221,0.0,300010.0,933034738.71,0.3215421543840794,0.03236254917563118
Financials,214871,0.04690256014073561,0.0004467796957244114,1134785.0,164133577.3,6.913789479686189,0.12241103751964477
Climate and Weather,107105,0.1330563465757901,0.0007936137435227114,1308255.0,221452965.3,5.907597571464986,0.14112351845526938
Entertainment,25502,0.40357619010273704,0.01505764253784017,1343650.0,144381334.66,9.306258341247004,0.1449416326117024
Elections,24595,0.6901809310835536,0.01699532425289693,1698899.9992,842816609.3100001,2.015741005140918,0.18326300712839497
Economics,18685,0.8048166978860049,0.009526358041209526,1864190.0,319738460.98,5.830358957399895,0.20109309872244222
Mentions,10911,0.4459719549078911,0.0,536800.0,147540845.31,3.6383145214609725,0.05790545780966907
Politics,4349,0.7537364911473902,0.05748447919061853,745593.3265,194493471.08,3.8335133943561472,0.08042832136888331
Science and Technology,2741,0.6887997081357169,0.031740240788033565,244025.0,80877142.22,3.017230744086002,0.026323359429963663
Companies,572,0.791958041958042,0.10314685314685315,88335.0,15838045.58,5.5773927126177645,0.009528834976932037
Social,65,0.12307692307692308,0.1076923076923077,1245.0,124940.97,9.96470573263518,0.0001343001024087891
World,39,0.1794871794871795,0.15384615384615385,965.0,591311.74,1.6319648921565468,0.00010409606331283653
Health,22,0.13636363636363635,0.13636363636363635,1100.0,935517.76,1.1758194734859977,0.00011865872501981366
AI,11,0.8181818181818182,0.0,2000.0,93065.96,21.490134523944093,0.00021574313639966122
Business,1,1.0,0.0,285.0,13.66,20863.836017569545,3.074339693695172e-05
Transportation,1,1.0,1.0,145.0,5707.84,25.403655323204575,1.564137738897544e-05
