dtc_bin,markets_open,avg_volume,avg_volume_wc,share_of_volume,markets,wc_markets,group
>365d,0.0,0.0,0.0,0.0,3859,0,3-6m
180-365d,13.0,12.176109291785435,0.0,7.319159027438014e-05,3859,0,3-6m
90-180d,3744.0,74965.7359132226,0.0,0.15982668585311635,3859,0,3-6m
30-90d,3841.0,456657.6941084208,0.0,0.32302897623266497,3859,0,3-6m
7-30d,3855.0,626252.564342704,0.0,0.2472519628709769,3859,0,3-6m
1-7d,3856.0,463121.35257427575,0.0,0.1757638647168831,3859,0,3-6m
0-1d,3775.0,147808.86686614458,0.0,0.09405531873608435,3859,0,3-6m
>365d,11.0,4.527103010480665,0.0,1.293932805658593e-05,2767,0,6-12m
180-365d,2642.0,115602.2677022237,0.0,0.11830331082226185,2767,0,6-12m
90-180d,2712.0,351359.32812754106,0.0,0.22594020553294214,2767,0,6-12m
30-90d,2758.0,936548.0456543145,0.0,0.2888455205677856,2767,0,6-12m
7-30d,2766.0,1046022.0941325461,0.0,0.19478451464931212,2767,0,6-12m
1-7d,2765.0,544006.3096213127,0.0,0.12833300513319212,2767,0,6-12m
0-1d,2764.0,205459.54680949077,0.0,0.04378050396644961,2767,0,6-12m
>365d,85.0,17913.229641166665,0.0,0.03426852222204185,96,0,>1y
180-365d,91.0,418040.9164511667,0.0,0.23570278918460574,96,0,>1y
90-180d,96.0,540923.5853732916,0.0,0.13283637053560624,96,0,>1y
30-90d,96.0,1595114.797937271,0.0,0.29363010180897914,96,0,>1y
7-30d,96.0,941593.7291669272,0.0,0.21954280985120508,96,0,>1y
1-7d,96.0,319468.50316458335,0.0,0.06392041475586656,96,0,>1y
0-1d,96.0,15423.469667072917,0.0,0.020098991641695426,96,0,>1y
