measure,bin,lo,hi,n_less,share_less,brier_less,n_more,share_more,brier_more,p
volume,0,0.0,0.1,7600,0.3455959256059297,0.01113215177631579,13891,0.6316675003410486,0.01406116453099129,0.033
volume,1,0.1,0.2,2107,0.09581192305943341,0.07602749311817751,2058,0.09358373880223728,0.09655766921768706,0.002
volume,2,0.2,0.30000000000000004,1607,0.07307534900641172,0.12676012663347852,1265,0.057523532354144875,0.17514789604743083,0.0
volume,3,0.30000000000000004,0.4,1534,0.06975580919467055,0.172622454041721,870,0.03956163885225774,0.21405810201149425,0.0
volume,4,0.4,0.5,6184,0.28120594788777226,0.23656475024256143,702,0.03192214997044245,0.24041117984330487,0.069
volume,5,0.5,0.6000000000000001,1635,0.07434859715338094,0.2536037285932722,608,0.027647674048474374,0.249212890625,0.075
volume,6,0.6000000000000001,0.7000000000000001,386,0.017552635168932747,0.2683195835492228,562,0.02555590923559638,0.24161020685053378,0.015
volume,7,0.7000000000000001,0.8,332,0.015097085171206403,0.22070494126506024,523,0.02378245645946069,0.1954573035372849,0.155
volume,8,0.8,0.9,280,0.012732481469692147,0.15329596339285714,536,0.024373607384839253,0.13128504757462686,0.313
volume,9,0.9,1.0,326,0.014824246282570142,0.03769048159509203,976,0.04438179255149834,0.02946020491803279,0.406
days_traded,0,0.0,0.1,8527,0.38720370538552357,0.010029164096399673,12964,0.5903460837887068,0.014996089767818575,0.0
days_traded,1,0.1,0.2,1855,0.0842339478703115,0.07667309393530997,2310,0.1051912568306011,0.09379957662337662,0.007
days_traded,2,0.2,0.30000000000000004,1447,0.0657070202524748,0.13251967035245335,1425,0.06489071038251366,0.1638664203508772,0.0
days_traded,3,0.30000000000000004,0.4,1380,0.06266460811915357,0.1736300956521739,1024,0.04663023679417122,0.20646861450195314,0.0
days_traded,4,0.4,0.5,5939,0.2696848605939515,0.2374065263091429,947,0.04312386156648452,0.23413696304118267,0.079
days_traded,5,0.5,0.6000000000000001,1575,0.07151938970120789,0.253117383015873,668,0.03041894353369763,0.2507539752994012,0.339
days_traded,6,0.6000000000000001,0.7000000000000001,355,0.016120243392970666,0.2681728591549296,593,0.027003642987249544,0.24309431787521074,0.015
days_traded,7,0.7000000000000001,0.8,305,0.013849786577059304,0.2000623975409836,550,0.025045537340619307,0.2081439618181818,0.624
days_traded,8,0.8,0.9,272,0.012351285078557806,0.1325753492647059,544,0.02477231329690346,0.14196904457720588,0.662
days_traded,9,0.9,1.0,367,0.016665153028789393,0.018763854223433244,935,0.04257741347905283,0.03652825935828877,0.037
