k,term,coef,se,t,markets,mean_brier
30,log_volume,0.003806421774187274,0.0018970127138314813,2.006534667076255,24342,0.08559827900336867
30,days_traded,0.0004279106487761261,0.0017444646116987939,0.24529626219211081,24342,0.08559827900336867
30,uncertainty,0.9875075578345144,0.010165604320632531,97.14204160299926,24342,0.08559827900336867
7,log_volume,0.004271219300738163,0.0015544516402020592,2.747733792595155,25572,0.04712783908180823
7,days_traded,0.0029798842576146587,0.001641082196260236,1.8158043907887969,25572,0.04712783908180823
7,uncertainty,0.9741729542103773,0.012757113458091336,76.3631175195434,25572,0.04712783908180823
90,log_volume,0.005495277028540552,0.0026179288868489266,2.0990933161499847,6535,0.06962908255547054
90,days_traded,-0.0010417421045828493,0.0026048219008663583,-0.3999283422165516,6535,0.06962908255547054
90,uncertainty,0.9907187753589364,0.02032854599689068,48.73534858373393,6535,0.06962908255547054
