sample,k,markets,events,brier,reliability,resolution,uncertainty,ece,ece_lo,ece_hi
all markets priced at k,1,25411,5843,0.033068529642674434,0.0008910153534809092,0.10796416286882693,0.14034886860625229,0.012320904332769281,0.010238226939696048,0.015545747366495593
all markets priced at k,7,25572,5874,0.04712783908180823,0.0012815632622091894,0.09361613737782894,0.13987734756718725,0.017016737056155175,0.014122734063135573,0.020531226419815585
all markets priced at k,30,24342,5803,0.08559827900336867,0.006678834381305554,0.06109551452571994,0.14063477656578108,0.05224106482622628,0.04615060643503892,0.05776468644237874
all markets priced at k,90,6535,2015,0.06962908255547054,0.002375332905983867,0.07164353078912471,0.13846342073081852,0.03601208875286917,0.030033192291977522,0.044849508651910314
all markets priced at k,180,2728,867,0.07652356213343109,0.004549521784953983,0.06757571816410002,0.13994534253231397,0.051554252199413474,0.04234597645997341,0.06434294327771385
same 476 markets (open 180+ days),1,2701,865,0.01204894298407997,0.0007153645616463579,0.12657843319436735,0.1381059108334141,0.01105294335431321,0.008597515858268604,0.01681017217253078
same 476 markets (open 180+ days),7,2701,865,0.019333669844502036,0.0012445627110872545,0.11970629801074799,0.1381059108334141,0.016262680488707885,0.013294101523645276,0.023006607977786614
same 476 markets (open 180+ days),30,2701,865,0.034411590892262124,0.0009495039186065513,0.10410959126951037,0.1381059108334141,0.019789707515734906,0.015088864301979862,0.028102005014041087
same 476 markets (open 180+ days),90,2701,865,0.04933809505738615,0.0017120476396301745,0.0908630918380624,0.1381059108334141,0.033103109959274346,0.028612112599918377,0.04279834690581021
same 476 markets (open 180+ days),180,2701,865,0.0764528532950759,0.004742634663723803,0.06601675120462501,0.1381059108334141,0.05194316919659384,0.04263615489317472,0.06462555880899791
