k,bin,n,mean_pred,mean_obs
1,0,19023,0.010751984439888555,0.0071492403932082215
1,1,889,0.14486670416197975,0.14960629921259844
1,2,555,0.24873603603603603,0.24324324324324326
1,3,461,0.3526930585683297,0.3080260303687636
1,4,617,0.4624440842787682,0.31442463533225284
1,5,308,0.5463490259740259,0.6493506493506493
1,6,294,0.6532857142857142,0.7210884353741497
1,7,313,0.7535942492012779,0.8370607028753994
1,8,441,0.8602868480725624,0.9024943310657596
1,9,2510,0.976106374501992,0.9876494023904383
7,0,17729,0.016593096057307237,0.010152856901122454
7,1,1695,0.14483598820059,0.13333333333333333
7,2,898,0.24910133630289533,0.22939866369710468
7,3,718,0.3522479108635097,0.31337047353760444
7,4,842,0.45750712589073633,0.2814726840855107
7,5,416,0.5496875,0.5504807692307693
7,6,389,0.6557622107969152,0.7095115681233933
7,7,431,0.7518897911832947,0.8097447795823666
7,8,582,0.8599321305841925,0.9003436426116839
7,9,1872,0.9669046474358974,0.9871794871794872
30,0,12971,0.025897425025055893,0.014802251175699638
30,1,2499,0.14494937975190075,0.0936374549819928
30,2,1592,0.24962594221105527,0.1827889447236181
30,3,1265,0.35293675889328063,0.2276679841897233
30,4,2330,0.46568497854077257,0.25407725321888414
30,5,1008,0.5420332341269841,0.42956349206349204
30,6,598,0.6503311036789298,0.5351170568561873
30,7,554,0.7520090252707581,0.6985559566787004
30,8,581,0.8552271944922547,0.8192771084337349
30,9,944,0.9525158898305084,0.961864406779661
90,0,3846,0.03073166926677067,0.0124804992199688
90,1,731,0.143703146374829,0.08755129958960328
90,2,396,0.24911616161616162,0.17929292929292928
90,3,262,0.3474465648854962,0.2824427480916031
90,4,394,0.46399111675126903,0.3223350253807107
90,5,186,0.5512204301075269,0.5483870967741935
90,6,159,0.65112893081761,0.6352201257861635
90,7,146,0.7516678082191781,0.726027397260274
90,8,182,0.853870879120879,0.9175824175824175
90,9,233,0.9433090128755365,0.9656652360515021
180,0,1462,0.0388625170998632,0.013679890560875513
180,1,374,0.14051336898395722,0.09090909090909091
180,2,180,0.24619444444444444,0.16666666666666666
180,3,126,0.35123809523809524,0.25396825396825395
180,4,211,0.4601895734597156,0.2843601895734597
180,5,90,0.5430666666666666,0.43333333333333335
180,6,57,0.6543421052631578,0.7192982456140351
180,7,58,0.7506551724137931,0.8103448275862069
180,8,84,0.860702380952381,0.8690476190476191
180,9,86,0.9202500000000001,0.9651162790697675
