variant,sample,spec,n,markets,events,mean_brier,term,coef,se,t,clusters,r2_within
all days,all,(1) month FE,2968305,259915,39318,0.07538751373334276,log_cum_vol,-0.008484846051959774,0.00020421577899104248,-41.548435159517936,39318,0.031407022232603166
all days,all,(1) month FE,2968305,259915,39318,0.07538751373334276,days_to_exp,2.8380309735907284e-05,1.8903978922559328e-05,1.5012876311472843,39318,0.031407022232603166
all days,all,(2) + category FE + duration,2968305,259915,39318,0.07538751373334276,log_cum_vol,-0.007053134201193623,0.00025046858886491625,-28.15975541347242,39318,0.030742470452282733
all days,all,(2) + category FE + duration,2968305,259915,39318,0.07538751373334276,days_to_exp,0.00019219545526209976,1.8186360579051956e-05,10.568109789018534,39318,0.030742470452282733
all days,all,(2) + category FE + duration,2968305,259915,39318,0.07538751373334276,duration_days,-0.00015172155755829,1.4453113700829668e-05,-10.497499756718897,39318,0.030742470452282733
all days,all,(3) month FE + contract FE,2968305,259915,39318,0.07538751373334276,log_cum_vol,-0.012379825010508574,0.0002071368783925773,-59.76639749801405,39318,0.05940170631473285
all days,all,(3) month FE + contract FE,2968305,259915,39318,0.07538751373334276,days_to_exp,0.00024000479194526817,2.2001758862708646e-05,10.908436613768117,39318,0.05940170631473285
all days,all,(4) + days-to-expiry bins,2968305,259915,39318,0.07538751373334276,log_cum_vol,-0.01023919979029049,0.00021728991473528143,-47.12229650770786,39318,0.0325561252340838
all days,all,(5) log days to expiry,2968305,259915,39318,0.07538751373334276,log_cum_vol,-0.010518897206393863,0.00021471787117533135,-48.98938848832237,39318,0.06587405361117482
all days,all,(5) log days to expiry,2968305,259915,39318,0.07538751373334276,log_days_to_exp,0.014077172432255876,0.0005614870787964517,25.07123131387157,39318,0.06587405361117482
all days,duration > 180 days,(1) month FE,641201,2862,866,0.05704978546235891,log_cum_vol,-0.0009487236613814103,0.0008116483570648449,-1.1688850881338186,866,0.014416265789860438
all days,duration > 180 days,(1) month FE,641201,2862,866,0.05704978546235891,days_to_exp,0.00028640340338894867,4.678388757981682e-05,6.121838483395014,866,0.014416265789860438
all days,duration > 180 days,(2) + category FE + duration,641201,2862,866,0.05704978546235891,log_cum_vol,0.000708400358740394,0.0008936171472251887,0.7927336230510797,866,0.018976871600343004
all days,duration > 180 days,(2) + category FE + duration,641201,2862,866,0.05704978546235891,days_to_exp,0.0003831477743040144,4.253633485822551e-05,9.007540860797102,866,0.018976871600343004
all days,duration > 180 days,(2) + category FE + duration,641201,2862,866,0.05704978546235891,duration_days,-0.00021181371835840557,4.7529858112461614e-05,-4.456434897348688,866,0.018976871600343004
all days,duration > 180 days,(3) month FE + contract FE,641201,2862,866,0.05704978546235891,log_cum_vol,-0.004346177038349635,0.0008002691677031365,-5.430894021349913,866,0.005926842445340252
all days,duration > 180 days,(3) month FE + contract FE,641201,2862,866,0.05704978546235891,days_to_exp,0.00021778377901405152,2.7773317220732192e-05,7.841475229018756,866,0.005926842445340252
all days,duration > 180 days,(4) + days-to-expiry bins,641201,2862,866,0.05704978546235891,log_cum_vol,-0.004437976671625806,0.0007904064596002625,-5.614803140488317,866,0.004980815268050831
all days,duration > 180 days,(5) log days to expiry,641201,2862,866,0.05704978546235891,log_cum_vol,-0.004482176898415832,0.0007899512110242434,-5.673992059084615,866,0.0056742701981912225
all days,duration > 180 days,(5) log days to expiry,641201,2862,866,0.05704978546235891,log_days_to_exp,0.0035449035710614953,0.001863628317986166,1.9021515915212712,866,0.0056742701981912225
all days,expired in 2023,(1) month FE,3229,307,187,0.1341866351037473,log_cum_vol,-0.010364319221824013,0.0026671898146894777,-3.885857378707281,187,0.041990635843835444
all days,expired in 2023,(1) month FE,3229,307,187,0.1341866351037473,days_to_exp,-0.0007130933890773957,0.0009825186740692747,-0.7257810033513087,187,0.041990635843835444
all days,expired in 2023,(2) + category FE + duration,3229,307,187,0.1341866351037473,log_cum_vol,-0.005261370891973745,0.0035288310852653534,-1.4909670553352972,187,0.07162854825129528
all days,expired in 2023,(2) + category FE + duration,3229,307,187,0.1341866351037473,days_to_exp,0.003038780637317466,0.0008656792841062362,3.510284574332666,187,0.07162854825129528
all days,expired in 2023,(2) + category FE + duration,3229,307,187,0.1341866351037473,duration_days,-0.0033252125299465915,0.0006775541715567401,-4.907670367236651,187,0.07162854825129528
all days,expired in 2023,(3) month FE + contract FE,3229,307,187,0.1341866351037473,log_cum_vol,-0.009445991487148328,0.002542347905431265,-3.7154598184491903,187,0.053530723503391164
all days,expired in 2023,(3) month FE + contract FE,3229,307,187,0.1341866351037473,days_to_exp,0.0026721139612633227,0.0011907381632332774,2.2440819012700355,187,0.053530723503391164
all days,expired in 2023,(4) + days-to-expiry bins,3229,307,187,0.1341866351037473,log_cum_vol,-0.005719058153509546,0.002697251073628626,-2.1203284371356896,187,0.005819343572962654
all days,expired in 2023,(5) log days to expiry,3229,307,187,0.1341866351037473,log_cum_vol,-0.005068238203403094,0.0028498633873980926,-1.7784144411323393,187,0.07583393618957623
all days,expired in 2023,(5) log days to expiry,3229,307,187,0.1341866351037473,log_days_to_exp,0.04276563460974431,0.011346197748738756,3.7691599914604113,187,0.07583393618957623
all days,expired in 2024,(1) month FE,225082,6353,2116,0.06196036552900721,log_cum_vol,-0.0015132737460426186,0.0008648368490290592,-1.7497794500101966,2116,0.003318118048915797
all days,expired in 2024,(1) month FE,225082,6353,2116,0.06196036552900721,days_to_exp,-0.00012935299780039507,4.4001258842736376e-05,-2.939756752476375,2116,0.003318118048915797
all days,expired in 2024,(2) + category FE + duration,225082,6353,2116,0.06196036552900721,log_cum_vol,0.001663483673612919,0.00098044698078334,1.6966584692665978,2116,0.01692313704331838
all days,expired in 2024,(2) + category FE + duration,225082,6353,2116,0.06196036552900721,days_to_exp,0.00029026531246509633,6.276080802461791e-05,4.624945433322654,2116,0.01692313704331838
all days,expired in 2024,(2) + category FE + duration,225082,6353,2116,0.06196036552900721,duration_days,-0.00033820304800479293,4.275584176766045e-05,-7.910101497770114,2116,0.01692313704331838
all days,expired in 2024,(3) month FE + contract FE,225082,6353,2116,0.06196036552900721,log_cum_vol,-0.004199367195674335,0.0004184882566535851,-10.034611793540659,2116,0.010682523443568015
all days,expired in 2024,(3) month FE + contract FE,225082,6353,2116,0.06196036552900721,days_to_exp,0.0002901052945839577,4.870163841836156e-05,5.956787163747284,2116,0.010682523443568015
all days,expired in 2024,(4) + days-to-expiry bins,225082,6353,2116,0.06196036552900721,log_cum_vol,-0.0030061457874483426,0.0003539542426191915,-8.49303504657398,2116,0.004153331492696033
all days,expired in 2024,(5) log days to expiry,225082,6353,2116,0.06196036552900721,log_cum_vol,-0.0029804382431538753,0.00036171576445889953,-8.239724490892439,2116,0.027159998148172382
all days,expired in 2024,(5) log days to expiry,225082,6353,2116,0.06196036552900721,log_days_to_exp,0.020918512402193425,0.0019363709626146594,10.802946752489719,2116,0.027159998148172382
all days,expired in 2025,(1) month FE,593226,29030,6959,0.0784985627846723,log_cum_vol,-0.008433348843231367,0.0004294369157610268,-19.63815529991455,6959,0.027251079140812595
all days,expired in 2025,(1) month FE,593226,29030,6959,0.0784985627846723,days_to_exp,5.865232152853207e-05,5.5605469341913194e-05,1.0547941096924125,6959,0.027251079140812595
all days,expired in 2025,(2) + category FE + duration,593226,29030,6959,0.0784985627846723,log_cum_vol,-0.008086148367291214,0.0004920594306110313,-16.433275869237924,6959,0.030647792707244936
all days,expired in 2025,(2) + category FE + duration,593226,29030,6959,0.0784985627846723,days_to_exp,0.00018506086773193044,4.5816915312162845e-05,4.039138524954407,6959,0.030647792707244936
all days,expired in 2025,(2) + category FE + duration,593226,29030,6959,0.0784985627846723,duration_days,-0.0001276762280626697,4.08840537005142e-05,-3.1228857343239405,6959,0.030647792707244936
all days,expired in 2025,(3) month FE + contract FE,593226,29030,6959,0.0784985627846723,log_cum_vol,-0.011949194168210183,0.00035412366880216987,-33.742997774276326,6959,0.056446716969749344
all days,expired in 2025,(3) month FE + contract FE,593226,29030,6959,0.0784985627846723,days_to_exp,0.00016192255106438528,4.964154610085871e-05,3.2618353734470875,6959,0.056446716969749344
all days,expired in 2025,(4) + days-to-expiry bins,593226,29030,6959,0.0784985627846723,log_cum_vol,-0.009709747857180002,0.00038386893313896713,-25.29443520678165,6959,0.030262703323269857
all days,expired in 2025,(5) log days to expiry,593226,29030,6959,0.0784985627846723,log_cum_vol,-0.009987060862259502,0.00037422355133792456,-26.68741939558253,6959,0.06392910106429439
all days,expired in 2025,(5) log days to expiry,593226,29030,6959,0.0784985627846723,log_days_to_exp,0.014626006207480306,0.0011123633171786784,13.148587319992446,6959,0.06392910106429439
all days,expired in 2026,(1) month FE,2146768,224225,30279,0.07584717766754488,log_cum_vol,-0.009012818284455297,0.00023224395722260357,-38.80754699600902,30279,0.03850782203535441
all days,expired in 2026,(1) month FE,2146768,224225,30279,0.07584717766754488,days_to_exp,0.00013333761731244219,3.34949648822065e-05,3.9808257086209102,30279,0.03850782203535441
all days,expired in 2026,(2) + category FE + duration,2146768,224225,30279,0.07584717766754488,log_cum_vol,-0.007565866996875389,0.0002934246434051061,-25.78470202460074,30279,0.034796452120001486
all days,expired in 2026,(2) + category FE + duration,2146768,224225,30279,0.07584717766754488,days_to_exp,0.0002680114592982668,3.0150431104252825e-05,8.889141862401525,30279,0.034796452120001486
all days,expired in 2026,(2) + category FE + duration,2146768,224225,30279,0.07584717766754488,duration_days,-0.00011804176567451879,1.692121409422843e-05,-6.975963132266085,30279,0.034796452120001486
all days,expired in 2026,(3) month FE + contract FE,2146768,224225,30279,0.07584717766754488,log_cum_vol,-0.013572015191668492,0.00024921110702331707,-54.45991293798412,30279,0.06778063170667792
all days,expired in 2026,(3) month FE + contract FE,2146768,224225,30279,0.07584717766754488,days_to_exp,0.00025966865892337084,2.809070373078388e-05,9.243935695309998,30279,0.06778063170667792
all days,expired in 2026,(4) + days-to-expiry bins,2146768,224225,30279,0.07584717766754488,log_cum_vol,-0.011509130515264598,0.0002716730738168011,-42.363898466528255,30279,0.03876061579283263
all days,expired in 2026,(5) log days to expiry,2146768,224225,30279,0.07584717766754488,log_cum_vol,-0.011772746462722913,0.00026566055771079056,-44.31499566277064,30279,0.0735599873707069
all days,expired in 2026,(5) log days to expiry,2146768,224225,30279,0.07584717766754488,log_days_to_exp,0.013927698269230631,0.0006923790848589734,20.115712004887442,30279,0.0735599873707069
drop last day,all,(1) month FE,2708390,236111,33932,0.0778984659328974,log_cum_vol,-0.00825785610977911,0.0002127147618242598,-38.82126486642976,33932,0.029780937280115993
drop last day,all,(1) month FE,2708390,236111,33932,0.0778984659328974,days_to_exp,4.9441078899850425e-06,1.916938354474953e-05,0.2579168953682513,33932,0.029780937280115993
drop last day,all,(2) + category FE + duration,2708390,236111,33932,0.0778984659328974,log_cum_vol,-0.006612490062650225,0.0002690211314505514,-24.579816563092788,33932,0.029361236990956163
drop last day,all,(2) + category FE + duration,2708390,236111,33932,0.0778984659328974,days_to_exp,0.00019569956433816853,1.8569436934779805e-05,10.538799050585705,33932,0.029361236990956163
drop last day,all,(2) + category FE + duration,2708390,236111,33932,0.0778984659328974,duration_days,-0.00016668379433199787,1.5056693076444788e-05,-11.070411908227296,33932,0.029361236990956163
drop last day,all,(3) month FE + contract FE,2708390,236111,33932,0.0778984659328974,log_cum_vol,-0.010718855474372969,0.0002316778158536127,-46.266214289354984,33932,0.04605596641823295
drop last day,all,(3) month FE + contract FE,2708390,236111,33932,0.0778984659328974,days_to_exp,0.000293521238287293,2.2474815985972312e-05,13.060006296402813,33932,0.04605596641823295
drop last day,all,(4) + days-to-expiry bins,2708390,236111,33932,0.0778984659328974,log_cum_vol,-0.009282237132416073,0.0002364578356748556,-39.25535859670023,33932,0.0278050937010077
drop last day,all,(5) log days to expiry,2708390,236111,33932,0.0778984659328974,log_cum_vol,-0.009419385180944984,0.00023595816769831675,-39.91972506324976,33932,0.050174090742540756
drop last day,all,(5) log days to expiry,2708390,236111,33932,0.0778984659328974,log_days_to_exp,0.012651421791403243,0.0006712995003619893,18.846165958087457,33932,0.050174090742540756
drop last day,duration > 180 days,(1) month FE,638339,2862,866,0.05726857050289894,log_cum_vol,-0.0009426649337965746,0.0008138797443195289,-1.1582361403830255,866,0.014042926544331702
drop last day,duration > 180 days,(1) month FE,638339,2862,866,0.05726857050289894,days_to_exp,0.0002844099700997951,4.7127411823089266e-05,6.034915967111381,866,0.014042926544331702
drop last day,duration > 180 days,(2) + category FE + duration,638339,2862,866,0.05726857050289894,log_cum_vol,0.0007187854796586556,0.0008969384409442948,0.8013766016114995,866,0.01858892803559209
drop last day,duration > 180 days,(2) + category FE + duration,638339,2862,866,0.05726857050289894,days_to_exp,0.00038216437135068734,4.28580472105951e-05,8.916980502467014,866,0.01858892803559209
drop last day,duration > 180 days,(2) + category FE + duration,638339,2862,866,0.05726857050289894,duration_days,-0.00021236499766482428,4.772295695786259e-05,-4.44995472204989,866,0.01858892803559209
drop last day,duration > 180 days,(3) month FE + contract FE,638339,2862,866,0.05726857050289894,log_cum_vol,-0.004290767869602363,0.0008027340680819025,-5.345192187812538,866,0.005834172794019543
drop last day,duration > 180 days,(3) month FE + contract FE,638339,2862,866,0.05726857050289894,days_to_exp,0.0002197285537432316,2.780485218821279e-05,7.902525510866781,866,0.005834172794019543
drop last day,duration > 180 days,(4) + days-to-expiry bins,638339,2862,866,0.05726857050289894,log_cum_vol,-0.004386448420047973,0.0007930165437392778,-5.531345410985673,866,0.004884950065866089
drop last day,duration > 180 days,(5) log days to expiry,638339,2862,866,0.05726857050289894,log_cum_vol,-0.004430488762650744,0.0007933157679120823,-5.584773354891573,866,0.005496026120650366
drop last day,duration > 180 days,(5) log days to expiry,638339,2862,866,0.05726857050289894,log_days_to_exp,0.003431611632771994,0.002055455594585803,1.6695138741070692,866,0.005496026120650366
drop last day,expired in 2023,(1) month FE,2922,303,184,0.1348117795174538,log_cum_vol,-0.008943826081811919,0.0029167752278585796,-3.0663405244216375,184,0.0332872491724574
drop last day,expired in 2023,(1) month FE,2922,303,184,0.1348117795174538,days_to_exp,-0.0008333841769573285,0.000975163799387577,-0.854609428160388,184,0.0332872491724574
drop last day,expired in 2023,(2) + category FE + duration,2922,303,184,0.1348117795174538,log_cum_vol,-0.003977998894380434,0.003776404753495728,-1.053382556702402,184,0.06939767156887755
drop last day,expired in 2023,(2) + category FE + duration,2922,303,184,0.1348117795174538,days_to_exp,0.002919360971175637,0.0008794395991663128,3.319569614494412,184,0.06939767156887755
drop last day,expired in 2023,(2) + category FE + duration,2922,303,184,0.1348117795174538,duration_days,-0.0034615681740367194,0.0007292405035197687,-4.746812824204136,184,0.06939767156887755
drop last day,expired in 2023,(3) month FE + contract FE,2922,303,184,0.1348117795174538,log_cum_vol,-0.009892450345643995,0.002958418619041646,-3.3438304782061463,184,0.05044470648955279
drop last day,expired in 2023,(3) month FE + contract FE,2922,303,184,0.1348117795174538,days_to_exp,0.0023583921240843426,0.0012080431179291667,1.9522416783658432,184,0.05044470648955279
drop last day,expired in 2023,(4) + days-to-expiry bins,2922,303,184,0.1348117795174538,log_cum_vol,-0.007605009241808076,0.002896007751356581,-2.62603207406667,184,0.010201759089619178
drop last day,expired in 2023,(5) log days to expiry,2922,303,184,0.1348117795174538,log_cum_vol,-0.007296363598979288,0.0030306390736806175,-2.4075330059405853,184,0.06506990577568394
drop last day,expired in 2023,(5) log days to expiry,2922,303,184,0.1348117795174538,log_days_to_exp,0.04034208267801987,0.013925682521570221,2.8969555076048805,184,0.06506990577568394
drop last day,expired in 2024,(1) month FE,218729,6043,2064,0.06220711898285093,log_cum_vol,-0.001348001471396565,0.0008783397887260945,-1.5347152533664075,2064,0.003415944494836176
drop last day,expired in 2024,(1) month FE,218729,6043,2064,0.06220711898285093,days_to_exp,-0.0001380239908696781,4.4879656667436656e-05,-3.0754243931153824,2064,0.003415944494836176
drop last day,expired in 2024,(2) + category FE + duration,218729,6043,2064,0.06220711898285093,log_cum_vol,0.0019148403743686376,0.0009960357530712455,1.9224614864117944,2064,0.01758378910935554
drop last day,expired in 2024,(2) + category FE + duration,218729,6043,2064,0.06220711898285093,days_to_exp,0.00029175856375955687,6.436141402718198e-05,4.533128554887521,2064,0.01758378910935554
drop last day,expired in 2024,(2) + category FE + duration,218729,6043,2064,0.06220711898285093,duration_days,-0.00034999333401502874,4.493294691121205e-05,-7.789236141280007,2064,0.01758378910935554
drop last day,expired in 2024,(3) month FE + contract FE,218729,6043,2064,0.06220711898285093,log_cum_vol,-0.0033352094834958167,0.00040048044082725766,-8.328020905606271,2064,0.008007670360763774
drop last day,expired in 2024,(3) month FE + contract FE,218729,6043,2064,0.06220711898285093,days_to_exp,0.00031271527292358616,4.8778417137572964e-05,6.410935230670048,2064,0.008007670360763774
drop last day,expired in 2024,(4) + days-to-expiry bins,218729,6043,2064,0.06220711898285093,log_cum_vol,-0.0024921283716937003,0.0003463794615234126,-7.194792557079056,2064,0.00299331309449391
drop last day,expired in 2024,(5) log days to expiry,218729,6043,2064,0.06220711898285093,log_cum_vol,-0.002413560684283044,0.00035424061272991403,-6.813337030114136,2064,0.021118223839558747
drop last day,expired in 2024,(5) log days to expiry,218729,6043,2064,0.06220711898285093,log_days_to_exp,0.020617893090008912,0.0023256227366201332,8.865536428308765,2064,0.021118223839558747
drop last day,expired in 2025,(1) month FE,564196,28090,6575,0.08022011110766471,log_cum_vol,-0.008240900583264632,0.00045059307120115234,-18.289008664284932,6575,0.025749041213608548
drop last day,expired in 2025,(1) month FE,564196,28090,6575,0.08022011110766471,days_to_exp,3.244848343024993e-05,5.577790036586486e-05,0.5817444403143555,6575,0.025749041213608548
drop last day,expired in 2025,(2) + category FE + duration,564196,28090,6575,0.08022011110766471,log_cum_vol,-0.007520214476211314,0.0005232072658610584,-14.37329900959052,6575,0.028338010313743944
drop last day,expired in 2025,(2) + category FE + duration,564196,28090,6575,0.08022011110766471,days_to_exp,0.0001895702743468332,4.684310057482291e-05,4.046919866972317,6575,0.028338010313743944
drop last day,expired in 2025,(2) + category FE + duration,564196,28090,6575,0.08022011110766471,duration_days,-0.00014885991557404832,4.213001138025379e-05,-3.533346198995296,6575,0.028338010313743944
drop last day,expired in 2025,(3) month FE + contract FE,564196,28090,6575,0.08022011110766471,log_cum_vol,-0.009816384581173478,0.0003938921385860356,-24.92150418744481,6575,0.03884994504588979
drop last day,expired in 2025,(3) month FE + contract FE,564196,28090,6575,0.08022011110766471,days_to_exp,0.0002249195892348564,4.9093513684126417e-05,4.581452260313168,6575,0.03884994504588979
drop last day,expired in 2025,(4) + days-to-expiry bins,564196,28090,6575,0.08022011110766471,log_cum_vol,-0.008541638637670448,0.0004200331728050853,-20.335628685294726,6575,0.023731027981113706
drop last day,expired in 2025,(5) log days to expiry,564196,28090,6575,0.08022011110766471,log_cum_vol,-0.008497841578078872,0.00040928123939606954,-20.762841684652305,6575,0.04332167649475027
drop last day,expired in 2025,(5) log days to expiry,564196,28090,6575,0.08022011110766471,log_days_to_exp,0.012503579164411211,0.0013000254921792704,9.617949216865815,6575,0.04332167649475027
drop last day,expired in 2026,(1) month FE,1922543,201675,25332,0.07891586268486582,log_cum_vol,-0.008803316643214362,0.00024277901372097145,-36.26061622168096,25332,0.03637096481814839
drop last day,expired in 2026,(1) month FE,1922543,201675,25332,0.07891586268486582,days_to_exp,0.00010019959240760526,3.3828175956421344e-05,2.9620158218606267,25332,0.03637096481814839
drop last day,expired in 2026,(2) + category FE + duration,1922543,201675,25332,0.07891586268486582,log_cum_vol,-0.007183707148856384,0.00031626356194201923,-22.714305450633535,25332,0.03324359762598095
drop last day,expired in 2026,(2) + category FE + duration,1922543,201675,25332,0.07891586268486582,days_to_exp,0.00026768023982195365,3.0588917757610284e-05,8.75088951963189,25332,0.03324359762598095
drop last day,expired in 2026,(2) + category FE + duration,1922543,201675,25332,0.07891586268486582,duration_days,-0.00013091728100122674,1.762183041702875e-05,-7.429266875404476,25332,0.03324359762598095
drop last day,expired in 2026,(3) month FE + contract FE,1922543,201675,25332,0.07891586268486582,log_cum_vol,-0.012068126588650748,0.0002848504105340832,-42.36654097153482,25332,0.05512015235623824
drop last day,expired in 2026,(3) month FE + contract FE,1922543,201675,25332,0.07891586268486582,days_to_exp,0.0003160312891573087,2.8832833727527355e-05,10.960812667385742,25332,0.05512015235623824
drop last day,expired in 2026,(4) + days-to-expiry bins,1922543,201675,25332,0.07891586268486582,log_cum_vol,-0.010654396967784089,0.00029909908486027976,-35.621630112178885,25332,0.03460436232659436
drop last day,expired in 2026,(5) log days to expiry,1922543,201675,25332,0.07891586268486582,log_cum_vol,-0.010820192934786413,0.0002958923044457919,-36.56801063161376,25332,0.05887480375840659
drop last day,expired in 2026,(5) log days to expiry,1922543,201675,25332,0.07891586268486582,log_days_to_exp,0.012777102749665602,0.000832496635962529,15.347933190015562,25332,0.05887480375840659
