variant,sample,category,spec,n,markets,events,mean_brier,term,coef,se,t,clusters,note
all days,all,Crypto,(1) month FE,739636,263353,219792,0.14462602508396022,log_cum_vol,-0.014586863727900723,0.00034646795587981783,-42.10162435039328,219792.0,
all days,all,Crypto,(1) month FE,739636,263353,219792,0.14462602508396022,days_to_exp,0.0003948586643350858,8.477676456770842e-05,4.657628376696602,219792.0,
all days,all,Crypto,(3) month FE + contract FE,739636,263353,219792,0.14462602508396022,log_cum_vol,-0.00981683516145949,0.00021442463362169096,-45.78221725578096,219792.0,
all days,all,Crypto,(3) month FE + contract FE,739636,263353,219792,0.14462602508396022,days_to_exp,0.0004218172718081006,0.0001011865402519531,4.168709304199762,219792.0,
all days,all,Crypto,(4) + days-to-expiry bins,739636,263353,219792,0.14462602508396022,log_cum_vol,-0.008176817893265579,0.0003912899157104782,-20.89708312165075,219792.0,
all days,all,Culture,(1) month FE,410291,19513,2846,0.0806326786932933,log_cum_vol,-0.010618543110389954,0.00048612015061828216,-21.84345392159641,2846.0,
all days,all,Culture,(1) month FE,410291,19513,2846,0.0806326786932933,days_to_exp,0.00017261793083075562,5.706744920327618e-05,3.0248054405916185,2846.0,
all days,all,Culture,(3) month FE + contract FE,410291,19513,2846,0.0806326786932933,log_cum_vol,-0.01324640376346029,0.0006694584274844075,-19.786745852517953,2846.0,
all days,all,Culture,(3) month FE + contract FE,410291,19513,2846,0.0806326786932933,days_to_exp,0.00010869030002954913,6.840937758767752e-05,1.5888216478836574,2846.0,
all days,all,Culture,(4) + days-to-expiry bins,410291,19513,2846,0.0806326786932933,log_cum_vol,-0.012054161700871568,0.0006156926083516482,-19.578214091514518,2846.0,
all days,all,Economy & Finance,(1) month FE,590894,47329,12416,0.1018269236906281,log_cum_vol,-0.010380122848037215,0.0003194845002860862,-32.49022359063495,12416.0,
all days,all,Economy & Finance,(1) month FE,590894,47329,12416,0.1018269236906281,days_to_exp,0.00011354364417808988,7.83871744208773e-05,1.4484977295960442,12416.0,
all days,all,Economy & Finance,(3) month FE + contract FE,590894,47329,12416,0.1018269236906281,log_cum_vol,-0.014709753220337435,0.0003170534721710186,-46.395180975665184,12416.0,
all days,all,Economy & Finance,(3) month FE + contract FE,590894,47329,12416,0.1018269236906281,days_to_exp,0.000401522168782068,6.862504810818134e-05,5.850956463434513,12416.0,
all days,all,Economy & Finance,(4) + days-to-expiry bins,590894,47329,12416,0.1018269236906281,log_cum_vol,-0.011645412288359,0.0003440149167036807,-33.85147481377921,12416.0,
all days,all,Other,(1) month FE,49314,1666,476,0.09445604175284908,log_cum_vol,-0.011805227066604947,0.0016243502150953242,-7.267661220405086,476.0,
all days,all,Other,(1) month FE,49314,1666,476,0.09445604175284908,days_to_exp,2.4806574134938762e-05,0.00013133940920499282,0.18887380630912529,476.0,
all days,all,Other,(3) month FE + contract FE,49314,1666,476,0.09445604175284908,log_cum_vol,-0.016601762431563225,0.0024468698328641023,-6.784898080226271,476.0,
all days,all,Other,(3) month FE + contract FE,49314,1666,476,0.09445604175284908,days_to_exp,0.00019538771683895174,0.00021615798246847886,0.903911641881854,476.0,
all days,all,Other,(4) + days-to-expiry bins,49314,1666,476,0.09445604175284908,log_cum_vol,-0.01554733389067819,0.002724102925328333,-5.707322489954849,476.0,
all days,all,Politics,(1) month FE,1366636,43303,8264,0.06710733467452197,log_cum_vol,-0.006422344832282751,0.00037538350725616087,-17.108756000567062,8264.0,
all days,all,Politics,(1) month FE,1366636,43303,8264,0.06710733467452197,days_to_exp,-5.179443931842683e-05,2.1502300985383835e-05,-2.408785894757684,8264.0,
all days,all,Politics,(3) month FE + contract FE,1366636,43303,8264,0.06710733467452197,log_cum_vol,-0.009156522620926559,0.00031793642441698317,-28.79985405169401,8264.0,
all days,all,Politics,(3) month FE + contract FE,1366636,43303,8264,0.06710733467452197,days_to_exp,0.00022181224372752584,2.4735551621877695e-05,8.967345750694356,8264.0,
all days,all,Politics,(4) + days-to-expiry bins,1366636,43303,8264,0.06710733467452197,log_cum_vol,-0.007598057161384508,0.0003225157029982808,-23.5587200584308,8264.0,
all days,all,Sports,(1) month FE,7694396,841395,139829,0.17258368181697595,log_cum_vol,-0.01291859200160347,0.00022607850634484916,-57.142061890209405,139829.0,
all days,all,Sports,(1) month FE,7694396,841395,139829,0.17258368181697595,days_to_exp,-0.0003412705750148286,2.900627178134833e-05,-11.765406377881114,139829.0,
all days,all,Sports,(3) month FE + contract FE,7694396,841395,139829,0.17258368181697595,log_cum_vol,-0.009730225111389804,0.00014065110813014654,-69.17986812010243,139829.0,
all days,all,Sports,(3) month FE + contract FE,7694396,841395,139829,0.17258368181697595,days_to_exp,0.0006226056480841838,4.058801624904759e-05,15.33964222995977,139829.0,
all days,all,Sports,(4) + days-to-expiry bins,7694396,841395,139829,0.17258368181697595,log_cum_vol,-0.005169308603007659,0.0001837632163482445,-28.130268427667524,139829.0,
all days,all,Tech & AI,(1) month FE,225078,8689,1233,0.06665267242022767,log_cum_vol,-0.00736518004113477,0.0007868194915108485,-9.360698509123322,1233.0,
all days,all,Tech & AI,(1) month FE,225078,8689,1233,0.06665267242022767,days_to_exp,0.0003223761275812483,5.994976355656575e-05,5.3774378488927566,1233.0,
all days,all,Tech & AI,(3) month FE + contract FE,225078,8689,1233,0.06665267242022767,log_cum_vol,-0.013695851866216406,0.0007884022402308899,-17.37165518733872,1233.0,
all days,all,Tech & AI,(3) month FE + contract FE,225078,8689,1233,0.06665267242022767,days_to_exp,0.00037624315749412306,7.274821307612527e-05,5.171854284591352,1233.0,
all days,all,Tech & AI,(4) + days-to-expiry bins,225078,8689,1233,0.06665267242022767,log_cum_vol,-0.012151578213021819,0.0007646898447639811,-15.890858622259278,1233.0,
all days,all,Weather,(1) month FE,315622,139173,13993,0.058516157679122494,log_cum_vol,-0.007178146950285593,0.00022640185017174322,-31.705336969819005,13993.0,
all days,all,Weather,(1) month FE,315622,139173,13993,0.058516157679122494,days_to_exp,0.0001467890504555689,0.0001316702965559655,1.1148228134595055,13993.0,
all days,all,Weather,(3) month FE + contract FE,315622,139173,13993,0.058516157679122494,log_cum_vol,-0.015381330751646683,0.00017348743571845895,-88.6596236087552,13993.0,
all days,all,Weather,(3) month FE + contract FE,315622,139173,13993,0.058516157679122494,days_to_exp,0.00038269674287301096,0.00021863325137586438,1.7504050297230225,13993.0,
all days,all,Weather,(4) + days-to-expiry bins,315622,139173,13993,0.058516157679122494,log_cum_vol,-0.011747962009170235,0.0002809659540187356,-41.81276001998039,13993.0,
all days,all,World,(1) month FE,10470,242,90,0.06504410085959884,log_cum_vol,-0.010866132058473622,0.004129979493200583,-2.6310377754570324,90.0,
all days,all,World,(1) month FE,10470,242,90,0.06504410085959884,days_to_exp,0.00021075599391270732,0.000161318331946921,1.3064602848859914,90.0,
all days,all,World,(3) month FE + contract FE,10470,242,90,0.06504410085959884,log_cum_vol,-0.022088012793473246,0.004862614112156606,-4.542415310779626,90.0,
all days,all,World,(3) month FE + contract FE,10470,242,90,0.06504410085959884,days_to_exp,-0.00017939096681489185,0.00019615693380043098,-0.9145277882320656,90.0,
all days,all,World,(4) + days-to-expiry bins,10470,242,90,0.06504410085959884,log_cum_vol,-0.02112743969258498,0.005118641580982525,-4.127548170413127,90.0,
all days,duration > 180 days,Crypto,(1) month FE,44702,175,122,0.1341711833698716,log_cum_vol,-0.005080107482124115,0.003561921109711183,-1.4262268381727394,122.0,
all days,duration > 180 days,Crypto,(1) month FE,44702,175,122,0.1341711833698716,days_to_exp,0.0006120733268276654,0.0002266288346978799,2.7007742754518578,122.0,
all days,duration > 180 days,Crypto,(3) month FE + contract FE,44702,175,122,0.1341711833698716,log_cum_vol,0.006487646891427563,0.006258681867219563,1.0365835856599817,122.0,
all days,duration > 180 days,Crypto,(3) month FE + contract FE,44702,175,122,0.1341711833698716,days_to_exp,0.0005871772164589243,0.00012949318372644492,4.534425670615524,122.0,
all days,duration > 180 days,Crypto,(4) + days-to-expiry bins,44702,175,122,0.1341711833698716,log_cum_vol,0.0037786438521640554,0.005416187521795671,0.6976575011404501,122.0,
all days,duration > 180 days,Culture,(1) month FE,39903,158,57,0.07102693295616871,log_cum_vol,-0.007886896749569204,0.0031621976003447945,-2.4941188838765944,57.0,
all days,duration > 180 days,Culture,(1) month FE,39903,158,57,0.07102693295616871,days_to_exp,0.0002441416436682807,0.00015245449479036767,1.6014066623879297,57.0,
all days,duration > 180 days,Culture,(3) month FE + contract FE,39903,158,57,0.07102693295616871,log_cum_vol,-0.010061468230595368,0.00402392312299199,-2.5004126378821465,57.0,
all days,duration > 180 days,Culture,(3) month FE + contract FE,39903,158,57,0.07102693295616871,days_to_exp,0.0002905815330434138,0.0001096787750043614,2.6493871127924136,57.0,
all days,duration > 180 days,Culture,(4) + days-to-expiry bins,39903,158,57,0.07102693295616871,log_cum_vol,-0.01066194206910712,0.004207092740873033,-2.5342778792403355,57.0,
all days,duration > 180 days,Economy & Finance,(1) month FE,79705,328,91,0.06580892560692554,log_cum_vol,-0.004473495749432712,0.0030073711377208144,-1.4875103685483344,91.0,
all days,duration > 180 days,Economy & Finance,(1) month FE,79705,328,91,0.06580892560692554,days_to_exp,0.0004070885566852346,0.00019136896790778753,2.1272443549018516,91.0,
all days,duration > 180 days,Economy & Finance,(3) month FE + contract FE,79705,328,91,0.06580892560692554,log_cum_vol,-0.006714437740018352,0.002042385005586882,-3.2875475102153673,91.0,
all days,duration > 180 days,Economy & Finance,(3) month FE + contract FE,79705,328,91,0.06580892560692554,days_to_exp,0.00018317974424903412,8.560754244952572e-05,2.1397617430384366,91.0,
all days,duration > 180 days,Economy & Finance,(4) + days-to-expiry bins,79705,328,91,0.06580892560692554,log_cum_vol,-0.007191149071940746,0.001951884492539381,-3.684208312237338,91.0,
all days,duration > 180 days,Other,(1) month FE,15805,76,13,0.07972175816197408,,,,,,too few events
all days,duration > 180 days,Other,(3) month FE + contract FE,15805,76,13,0.07972175816197408,,,,,,too few events
all days,duration > 180 days,Other,(4) + days-to-expiry bins,15805,76,13,0.07972175816197408,,,,,,too few events
all days,duration > 180 days,Politics,(1) month FE,463923,2112,634,0.05105496823664703,log_cum_vol,-0.0003022907758840544,0.0008679096989064725,-0.3482974971531339,634.0,
all days,duration > 180 days,Politics,(1) month FE,463923,2112,634,0.05105496823664703,days_to_exp,0.00022572202827789666,4.954173000443811e-05,4.5561999602693675,634.0,
all days,duration > 180 days,Politics,(3) month FE + contract FE,463923,2112,634,0.05105496823664703,log_cum_vol,-0.0035025227236462697,0.0008176293453773907,-4.283753687961898,634.0,
all days,duration > 180 days,Politics,(3) month FE + contract FE,463923,2112,634,0.05105496823664703,days_to_exp,0.0001739989440363927,2.8200631949849273e-05,6.170037052567635,634.0,
all days,duration > 180 days,Politics,(4) + days-to-expiry bins,463923,2112,634,0.05105496823664703,log_cum_vol,-0.0035194783861284026,0.0008043519217256265,-4.375545443563864,634.0,
all days,duration > 180 days,Sports,(1) month FE,533449,2596,202,0.05838972384707816,log_cum_vol,-0.0038404501710645974,0.0014014924765598869,-2.7402574293451742,202.0,
all days,duration > 180 days,Sports,(1) month FE,533449,2596,202,0.05838972384707816,days_to_exp,0.00010331992074485016,7.014710520843917e-05,1.4729035565735658,202.0,
all days,duration > 180 days,Sports,(3) month FE + contract FE,533449,2596,202,0.05838972384707816,log_cum_vol,-0.004322244827016142,0.0019307420358970777,-2.23864438990572,202.0,
all days,duration > 180 days,Sports,(3) month FE + contract FE,533449,2596,202,0.05838972384707816,days_to_exp,5.154241488346297e-05,5.371580430802572e-05,0.9595391067384981,202.0,
all days,duration > 180 days,Sports,(4) + days-to-expiry bins,533449,2596,202,0.05838972384707816,log_cum_vol,-0.0045846857304598435,0.0018009356430835996,-2.5457243561518106,202.0,
all days,duration > 180 days,Tech & AI,(1) month FE,37975,170,63,0.08937357748518762,log_cum_vol,-0.0026096941346391723,0.00374015867027672,-0.6977495782140417,63.0,
all days,duration > 180 days,Tech & AI,(1) month FE,37975,170,63,0.08937357748518762,days_to_exp,0.0005192801295309304,0.00011880120085043678,4.371000678559397,63.0,
all days,duration > 180 days,Tech & AI,(3) month FE + contract FE,37975,170,63,0.08937357748518762,log_cum_vol,-0.005755574193440034,0.0032271281563490406,-1.783497250369973,63.0,
all days,duration > 180 days,Tech & AI,(3) month FE + contract FE,37975,170,63,0.08937357748518762,days_to_exp,0.0004351748276704375,0.00010271809802651616,4.2365935120615195,63.0,
all days,duration > 180 days,Tech & AI,(4) + days-to-expiry bins,37975,170,63,0.08937357748518762,log_cum_vol,-0.00613947353416048,0.003217946246226319,-1.9078856712911945,63.0,
all days,duration > 180 days,Weather,(1) month FE,943,5,4,0.016743604188759278,,,,,,too few events
all days,duration > 180 days,Weather,(3) month FE + contract FE,943,5,4,0.016743604188759278,,,,,,too few events
all days,duration > 180 days,Weather,(4) + days-to-expiry bins,943,5,4,0.016743604188759278,,,,,,too few events
all days,duration > 180 days,World,(1) month FE,2947,13,4,0.04939400279945708,,,,,,too few events
all days,duration > 180 days,World,(3) month FE + contract FE,2947,13,4,0.04939400279945708,,,,,,too few events
all days,duration > 180 days,World,(4) + days-to-expiry bins,2947,13,4,0.04939400279945708,,,,,,too few events
drop last day,all,Crypto,(1) month FE,476283,99592,63709,0.11287256287648309,log_cum_vol,-0.008962395740464632,0.0003809632282481991,-23.525618946681107,63709.0,
drop last day,all,Crypto,(1) month FE,476283,99592,63709,0.11287256287648309,days_to_exp,0.0004042801748450177,9.158512877195292e-05,4.414255679562081,63709.0,
drop last day,all,Crypto,(3) month FE + contract FE,476283,99592,63709,0.11287256287648309,log_cum_vol,-0.007070703989163603,0.0003355471427755342,-21.07216270917134,63709.0,
drop last day,all,Crypto,(3) month FE + contract FE,476283,99592,63709,0.11287256287648309,days_to_exp,0.0006062602488504194,9.359600341135626e-05,6.477415987367471,63709.0,
drop last day,all,Crypto,(4) + days-to-expiry bins,476283,99592,63709,0.11287256287648309,log_cum_vol,-0.004719442981180244,0.000567158770665794,-8.321202501444239,63709.0,
drop last day,all,Culture,(1) month FE,390778,18584,2747,0.08232474970443576,log_cum_vol,-0.010446695367514048,0.0004941834939646873,-21.13930451967004,2747.0,
drop last day,all,Culture,(1) month FE,390778,18584,2747,0.08232474970443576,days_to_exp,0.00015958807861291474,5.7869710605779214e-05,2.7577134383833832,2747.0,
drop last day,all,Culture,(3) month FE + contract FE,390778,18584,2747,0.08232474970443576,log_cum_vol,-0.012222509624624109,0.0007065603513741771,-17.2986066948885,2747.0,
drop last day,all,Culture,(3) month FE + contract FE,390778,18584,2747,0.08232474970443576,days_to_exp,0.0001527763004848794,6.795311579905008e-05,2.248260417324603,2747.0,
drop last day,all,Culture,(4) + days-to-expiry bins,390778,18584,2747,0.08232474970443576,log_cum_vol,-0.01138472467772456,0.0006339876659895615,-17.95732833375343,2747.0,
drop last day,all,Economy & Finance,(1) month FE,543565,37637,7913,0.10337102179776107,log_cum_vol,-0.010238504823700924,0.0003340298714368047,-30.651464731764122,7913.0,
drop last day,all,Economy & Finance,(1) month FE,543565,37637,7913,0.10337102179776107,days_to_exp,8.908603303705644e-05,7.893736983865056e-05,1.1285660165666773,7913.0,
drop last day,all,Economy & Finance,(3) month FE + contract FE,543565,37637,7913,0.10337102179776107,log_cum_vol,-0.01308510882880586,0.00035418934325140216,-36.94382419495356,7913.0,
drop last day,all,Economy & Finance,(3) month FE + contract FE,543565,37637,7913,0.10337102179776107,days_to_exp,0.00046141452070107183,7.005263770794645e-05,6.586683040041061,7913.0,
drop last day,all,Economy & Finance,(4) + days-to-expiry bins,543565,37637,7913,0.10337102179776107,log_cum_vol,-0.010492667220872835,0.0003729537146383935,-28.133966251137245,7913.0,
drop last day,all,Other,(1) month FE,47648,1610,461,0.09505552001657991,log_cum_vol,-0.011717069027084087,0.0016395909639758137,-7.146336668428316,461.0,
drop last day,all,Other,(1) month FE,47648,1610,461,0.09505552001657991,days_to_exp,1.9817410203433697e-05,0.00013179448029086583,0.15036601047098,461.0,
drop last day,all,Other,(3) month FE + contract FE,47648,1610,461,0.09505552001657991,log_cum_vol,-0.01661274884915507,0.0026655741995783595,-6.232334050870868,461.0,
drop last day,all,Other,(3) month FE + contract FE,47648,1610,461,0.09505552001657991,days_to_exp,0.0001738727390379634,0.00022169025536598696,0.7843048344678843,461.0,
drop last day,all,Other,(4) + days-to-expiry bins,47648,1610,461,0.09505552001657991,log_cum_vol,-0.01584881586587463,0.002849669245416064,-5.561633474259795,461.0,
drop last day,all,Politics,(1) month FE,1323333,41554,8123,0.06768719703052822,log_cum_vol,-0.0062571394047197335,0.0003826606558843542,-16.35166643996642,8123.0,
drop last day,all,Politics,(1) month FE,1323333,41554,8123,0.06768719703052822,days_to_exp,-5.888806763258958e-05,2.193612475105792e-05,-2.684524650588047,8123.0,
drop last day,all,Politics,(3) month FE + contract FE,1323333,41554,8123,0.06768719703052822,log_cum_vol,-0.008016967365315961,0.00033065430614406783,-24.245767305455644,8123.0,
drop last day,all,Politics,(3) month FE + contract FE,1323333,41554,8123,0.06768719703052822,days_to_exp,0.0002628223011057716,2.51840301557448e-05,10.436069980873118,8123.0,
drop last day,all,Politics,(4) + days-to-expiry bins,1323333,41554,8123,0.06768719703052822,log_cum_vol,-0.006923419597831208,0.0003353301766304792,-20.646574869581592,8123.0,
drop last day,all,Sports,(1) month FE,6853001,738123,125394,0.17462570692096244,log_cum_vol,-0.013315470507551738,0.00027507890231714526,-48.40600422419893,125394.0,
drop last day,all,Sports,(1) month FE,6853001,738123,125394,0.17462570692096244,days_to_exp,-0.0003293704039234263,2.877000987967411e-05,-11.448393841398195,125394.0,
drop last day,all,Sports,(3) month FE + contract FE,6853001,738123,125394,0.17462570692096244,log_cum_vol,-0.006265388396201597,0.0002513132559577472,-24.930592587821884,125394.0,
drop last day,all,Sports,(3) month FE + contract FE,6853001,738123,125394,0.17462570692096244,days_to_exp,0.000676351764092744,4.023506906764631e-05,16.81000628967752,125394.0,
drop last day,all,Sports,(4) + days-to-expiry bins,6853001,738123,125394,0.17462570692096244,log_cum_vol,-0.0035185670495661873,0.0002919323941695409,-12.05267767414248,125394.0,
drop last day,all,Tech & AI,(1) month FE,216389,8309,1208,0.06784445098064135,log_cum_vol,-0.007186815347047548,0.0008071309738735254,-8.904150106589388,1208.0,
drop last day,all,Tech & AI,(1) month FE,216389,8309,1208,0.06784445098064135,days_to_exp,0.0003132673403968747,6.01684824888657e-05,5.206502265614651,1208.0,
drop last day,all,Tech & AI,(3) month FE + contract FE,216389,8309,1208,0.06784445098064135,log_cum_vol,-0.013133460934483587,0.0008169463461722643,-16.076283339804814,1208.0,
drop last day,all,Tech & AI,(3) month FE + contract FE,216389,8309,1208,0.06784445098064135,days_to_exp,0.00042881780606941847,7.489408133642671e-05,5.725656799809782,1208.0,
drop last day,all,Tech & AI,(4) + days-to-expiry bins,216389,8309,1208,0.06784445098064135,log_cum_vol,-0.011771977116602873,0.0007938881273423034,-14.82825691827875,1208.0,
drop last day,all,Weather,(1) month FE,176449,128176,13390,0.07457779318953352,log_cum_vol,-0.003652859707748947,0.00040745183940409167,-8.965132451215203,13390.0,
drop last day,all,Weather,(1) month FE,176449,128176,13390,0.07457779318953352,days_to_exp,-0.0002772241885324773,0.00013121949274337848,-2.1126753558988014,13390.0,
drop last day,all,Weather,(3) month FE + contract FE,176449,128176,13390,0.07457779318953352,log_cum_vol,-0.006996455031059357,0.00036548700989205826,-19.14282817637121,13390.0,
drop last day,all,Weather,(3) month FE + contract FE,176449,128176,13390,0.07457779318953352,days_to_exp,0.0005150821949034475,0.0003109935238970962,1.6562473341852664,13390.0,
drop last day,all,Weather,(4) + days-to-expiry bins,176449,128176,13390,0.07457779318953352,log_cum_vol,-0.005645968308862347,0.000546769310488072,-10.326051957492805,13390.0,
drop last day,all,World,(1) month FE,10228,241,90,0.06628654526789206,log_cum_vol,-0.01075050124568521,0.004243189238091599,-2.533589864240963,90.0,
drop last day,all,World,(1) month FE,10228,241,90,0.06628654526789206,days_to_exp,0.0001909594627143694,0.0001718716692677728,1.1110584049594479,90.0,
drop last day,all,World,(3) month FE + contract FE,10228,241,90,0.06628654526789206,log_cum_vol,-0.021165924041963904,0.0052514639933247025,-4.030480656226256,90.0,
drop last day,all,World,(3) month FE + contract FE,10228,241,90,0.06628654526789206,days_to_exp,-0.00015129241186699721,0.00020857626121162642,-0.7253577707651608,90.0,
drop last day,all,World,(4) + days-to-expiry bins,10228,241,90,0.06628654526789206,log_cum_vol,-0.0204011856052297,0.005465623720546958,-3.732636318986866,90.0,
drop last day,duration > 180 days,Crypto,(1) month FE,44527,175,122,0.13462557181036225,log_cum_vol,-0.004984904175823715,0.003563980649524818,-1.3986900227666352,122.0,
drop last day,duration > 180 days,Crypto,(1) month FE,44527,175,122,0.13462557181036225,days_to_exp,0.0006064537743685647,0.00023056195555185043,2.630328897571226,122.0,
drop last day,duration > 180 days,Crypto,(3) month FE + contract FE,44527,175,122,0.13462557181036225,log_cum_vol,0.006680486111257063,0.0062494647492928445,1.0689693244550247,122.0,
drop last day,duration > 180 days,Crypto,(3) month FE + contract FE,44527,175,122,0.13462557181036225,days_to_exp,0.0006029243152879286,0.00012905588543285146,4.6718079788901505,122.0,
drop last day,duration > 180 days,Crypto,(4) + days-to-expiry bins,44527,175,122,0.13462557181036225,log_cum_vol,0.004137789204886573,0.005400180059449146,0.7662317106716354,122.0,
drop last day,duration > 180 days,Culture,(1) month FE,39745,158,57,0.07128184777330482,log_cum_vol,-0.007902776563043066,0.0031689677864683453,-2.493801482232898,57.0,
drop last day,duration > 180 days,Culture,(1) month FE,39745,158,57,0.07128184777330482,days_to_exp,0.0002438396936164255,0.00015392614807378132,1.5841343180987417,57.0,
drop last day,duration > 180 days,Culture,(3) month FE + contract FE,39745,158,57,0.07128184777330482,log_cum_vol,-0.010021964454822152,0.004062260671397979,-2.4670904369544586,57.0,
drop last day,duration > 180 days,Culture,(3) month FE + contract FE,39745,158,57,0.07128184777330482,days_to_exp,0.00029524467721805394,0.00011121056171954516,2.654825878522336,57.0,
drop last day,duration > 180 days,Culture,(4) + days-to-expiry bins,39745,158,57,0.07128184777330482,log_cum_vol,-0.010617867001531922,0.004249698345904693,-2.4984989844665195,57.0,
drop last day,duration > 180 days,Economy & Finance,(1) month FE,79377,328,91,0.06607439469871626,log_cum_vol,-0.004423965411496369,0.002991270817915365,-1.4789585031887744,91.0,
drop last day,duration > 180 days,Economy & Finance,(1) month FE,79377,328,91,0.06607439469871626,days_to_exp,0.00040145241959178087,0.00019089933919931923,2.102953427055197,91.0,
drop last day,duration > 180 days,Economy & Finance,(3) month FE + contract FE,79377,328,91,0.06607439469871626,log_cum_vol,-0.006646359117944744,0.002026356094405387,-3.2799561421088965,91.0,
drop last day,duration > 180 days,Economy & Finance,(3) month FE + contract FE,79377,328,91,0.06607439469871626,days_to_exp,0.00017140249997682643,9.216212701783529e-05,1.8597932309402592,91.0,
drop last day,duration > 180 days,Economy & Finance,(4) + days-to-expiry bins,79377,328,91,0.06607439469871626,log_cum_vol,-0.007113400558439275,0.0019437070734646998,-3.659708119371858,91.0,
drop last day,duration > 180 days,Other,(1) month FE,15729,76,13,0.0800904225634179,,,,,,too few events
drop last day,duration > 180 days,Other,(3) month FE + contract FE,15729,76,13,0.0800904225634179,,,,,,too few events
drop last day,duration > 180 days,Other,(4) + days-to-expiry bins,15729,76,13,0.0800904225634179,,,,,,too few events
drop last day,duration > 180 days,Politics,(1) month FE,461811,2112,634,0.051247688226893684,log_cum_vol,-0.0002978038556722034,0.0008702181538621845,-0.3422174708152162,634.0,
drop last day,duration > 180 days,Politics,(1) month FE,461811,2112,634,0.051247688226893684,days_to_exp,0.00022325998566141746,4.9906663355627264e-05,4.473550637326741,634.0,
drop last day,duration > 180 days,Politics,(3) month FE + contract FE,461811,2112,634,0.051247688226893684,log_cum_vol,-0.003443961944534908,0.0008212507271137087,-4.193557254602058,634.0,
drop last day,duration > 180 days,Politics,(3) month FE + contract FE,461811,2112,634,0.051247688226893684,days_to_exp,0.00017377620119205076,2.7802369425965922e-05,6.250409759311848,634.0,
drop last day,duration > 180 days,Politics,(4) + days-to-expiry bins,461811,2112,634,0.051247688226893684,log_cum_vol,-0.003466014311585806,0.0008086348531079069,-4.28625392321952,634.0,
drop last day,duration > 180 days,Sports,(1) month FE,530853,2566,202,0.058622724983187435,log_cum_vol,-0.003847223249193039,0.0014036522077268687,-2.7408664539653937,202.0,
drop last day,duration > 180 days,Sports,(1) month FE,530853,2566,202,0.058622724983187435,days_to_exp,0.00010053131392070577,7.053597636854805e-05,1.42524877511347,202.0,
drop last day,duration > 180 days,Sports,(3) month FE + contract FE,530853,2566,202,0.058622724983187435,log_cum_vol,-0.004301793843903075,0.0019323031754647523,-2.2262520180708285,202.0,
drop last day,duration > 180 days,Sports,(3) month FE + contract FE,530853,2566,202,0.058622724983187435,days_to_exp,4.7910772475496865e-05,5.348173758536815e-05,0.8958342536837206,202.0,
drop last day,duration > 180 days,Sports,(4) + days-to-expiry bins,530853,2566,202,0.058622724983187435,log_cum_vol,-0.0045573237710327735,0.0018034400610661854,-2.5270170433823593,202.0,
drop last day,duration > 180 days,Tech & AI,(1) month FE,37805,170,63,0.08969808448617907,log_cum_vol,-0.0025945201296043306,0.003748630214454816,-0.6921248512589461,63.0,
drop last day,duration > 180 days,Tech & AI,(1) month FE,37805,170,63,0.08969808448617907,days_to_exp,0.0005188307088451145,0.00011975951039042163,4.332271459307925,63.0,
drop last day,duration > 180 days,Tech & AI,(3) month FE + contract FE,37805,170,63,0.08969808448617907,log_cum_vol,-0.005643266580233753,0.003210105123650992,-1.7579694006454905,63.0,
drop last day,duration > 180 days,Tech & AI,(3) month FE + contract FE,37805,170,63,0.08969808448617907,days_to_exp,0.0004473600602917002,0.00010197496439992721,4.386959710397502,63.0,
drop last day,duration > 180 days,Tech & AI,(4) + days-to-expiry bins,37805,170,63,0.08969808448617907,log_cum_vol,-0.006020377402639178,0.0031991480418005953,-1.88186896135344,63.0,
drop last day,duration > 180 days,Weather,(1) month FE,938,5,4,0.016832803837953093,,,,,,too few events
drop last day,duration > 180 days,Weather,(3) month FE + contract FE,938,5,4,0.016832803837953093,,,,,,too few events
drop last day,duration > 180 days,Weather,(4) + days-to-expiry bins,938,5,4,0.016832803837953093,,,,,,too few events
drop last day,duration > 180 days,World,(1) month FE,2934,13,4,0.04961284943762781,,,,,,too few events
drop last day,duration > 180 days,World,(3) month FE + contract FE,2934,13,4,0.04961284943762781,,,,,,too few events
drop last day,duration > 180 days,World,(4) + days-to-expiry bins,2934,13,4,0.04961284943762781,,,,,,too few events
